職務類別,工作地區,學歷要求,工作經驗,公司規模,產業類別,上班時間,需求技能數量,薪資,職缺名稱,公司名稱
工程師,桃園市中壢區,大學,不拘,25,藥品／化妝品及清潔用品零售業,日班,3,40000,資訊-內部系統維運工程師,汶紳美業有限公司
工程師,高雄市楠梓區,專科,不拘,4,其他半導體相關業,日班,0,46000,測試工程師,鴻柏旺科技有限公司
工程師,新竹縣竹北市,專科,不拘,20,半導體製造業,日班,0,33000,助理工程師,晟峻科技有限公司
工程師,台中市北屯區,大學,不拘,65,網際網路相關業,日班,6,805000,後端工程師,帝緯系統整合股份有限公司
工程師,台北市士林區,大學,不拘,8000,建築及工程技術服務業,夜班,0,40000,工程發包工程師 (20260319BDF00001),中鼎集團_中鼎工程股份有限公司
工程師,新北市樹林區,高中職,不拘,24,建築工程業,夜班,3,47000,營造工程師/營建工程師/工程助理,敦美建設機構_永騰營造有限公司
工程師,新竹縣竹北市,高中職,不拘,34,建築工程業,日班,0,55000,營建工程師,葳翔營造股份有限公司
工程師,台北市松山區,大學,不拘,13,空調水機電工程業,日班,8,46500,電機/機械應用工程師,誥鑫企業有限公司
工程師,新竹市,大學,不拘,100,半導體製造業,日班,2,44000,繪圖工程師,辛巳科技股份有限公司
工程師,新北市板橋區,專科,不拘,20,光電產業,日班,5,35000,工程師助理,昌陽科技有限公司
工程師,新北市新店區,大學,不拘,1000,網際網路相關業,夜班,0,65000,AI 原生資料工程師,104人力銀行_一零四資訊科技股份有限公司
工程師,新竹縣竹北市,專科,不拘,0,光電產業,日班,2,41500,品保工程師,聯享光電股份有限公司
工程師,台北市信義區,碩士,不拘,70,電腦系統整合服務業,日班,0,37000,高階工程師,葛氏兄弟企業有限公司
工程師,新竹市,大學,不拘,40,半導體製造業,日班,6,50000,工程繪圖工程師,野村微科學工程股份有限公司
工程師,台北市松山區,大學,不拘,13,空調水機電工程業,日班,8,46500,電機應用工程師,誥鑫企業有限公司
工程師,桃園市中壢區,高中職,不拘,250,自動控制相關業,夜班,1,37500,【研發部】助理工程師,易發精機股份有限公司
工程師,新竹縣竹北市,大學,不拘,110,其他半導體相關業,日班,0,44000,日商澄明科技CT-新竹-客服工程師,日商澄明科技有限公司台灣分公司
工程師,桃園市蘆竹區,大學,不拘,20,其他機械製造修配業,日班,0,47500,維修工程師,開德麗企業有限公司
工程師,台中市大里區,專科,不拘,8,電腦系統整合服務業,日班,0,38500,資訊工程師,士欣資訊管理股份有限公司
工程師,台南市永康區,大學,不拘,25,金屬加工用機械製造修配業,日班,2,52500,CNC機台工程師,寶濟工業股份有限公司
工程師,桃園市觀音區,大學,不拘,189,其他專業／科學及技術業,日班,3,45984,115-02電器測試工程師,財團法人台灣大電力研究試驗中心
工程師,台中市南屯區,大學,不拘,45,環境衛生及污染防治服務業,日班,4,40000,監造工程師,仲禹工程顧問股份有限公司
工程師,台中市西屯區,碩士,不拘,40,其他電子零組件相關業,日班,6,37500,助理工程師,台灣路德電子有限公司
工程師,桃園市中壢區,大學,不拘,138,航空器及其零件製造修配業,日班,1,45000,研發助理工程師,六俊電機儀具股份有限公司
工程師,台中市神岡區,碩士,不拘,40,專用生產機械製造修配業,日班,0,50000,PLC電控工程師,永烜機械科技有限公司
工程師,高雄市仁武區,大學,不拘,0,電力機械器材製造修配業,日班,4,35000,助理工程師,弓海企業有限公司
工程師,桃園市蘆竹區,碩士,不拘,40,資料儲存媒體製造及複製業,日班,8,70000,軟體專案工程師,吉翔樂_旻新科技股份有限公司
工程師,台北市內湖區,大學,不拘,0,建築工程業,日班,6,55000,土木工程師,地偉達工程股份有限公司
工程師,新北市五股區,專科,不拘,0,機械器具批發業,日班,0,30000,助理工程師,美商開文熱工股份有限公司台灣分公司
工程師,高雄市苓雅區,大學,不拘,40,海運,日班,0,36000,助理工程師,協榮航業股份有限公司
工程師,台中市西屯區,專科,不拘,0,綜合商品批發代理業,日班,4,40000,助理工程師,力聚科技股份有限公司
工程師,新竹縣竹北市,碩士,不拘,0,其他電子零組件相關業,日班,4,36500,助理工程師,睦和科技股份有限公司
工程師,台中市龍井區,大學,不拘,3200,鋼鐵基本工業,日班,0,45600,工業工程師,中龍鋼鐵股份有限公司
工程師,台北市士林區,大學,不拘,8000,建築及工程技術服務業,夜班,0,40000,空調設計工程師 (20260108BD400007),中鼎集團_中鼎工程股份有限公司
工程師,新北市板橋區,專科,不拘,20,光電產業,日班,5,40000,設備工程師,昌陽科技有限公司
工程師,台中市后里區,大學,不拘,3600,紙相關製造業,日班,1,39000,[后里廠] 電控助理工程師,正隆股份有限公司
工程師,高雄市左營區,專科,不拘,60,空調水機電工程業,日班,1,57000,服務部_工程師/助理工程師(南部),舜德科技股份有限公司
工程師,台中市西屯區,碩士,不拘,100,不動產經營業,日班,3,45000,工程師,富宇建設股份有限公司
工程師,高雄市前鎮區,大學,不拘,0,環境衛生及污染防治服務業,日班,3,43000,工程師,台和工程顧問股份有限公司
工程師,宜蘭縣礁溪鄉,高中職,不拘,0,建築工程業,日班,4,40000,品管工程師,欽鼎工程股份有限公司
工程師,台中市南屯區,碩士,不拘,0,電腦軟體服務業,日班,7,32750,工程師助理,喜雲科技有限公司
工程師,新竹市,大學,不拘,40,半導體製造業,日班,4,47500,工安工程師,野村微科學工程股份有限公司
工程師,台北市信義區,專科,不拘,110,建築及工程技術服務業,日班,6,55000,機電工程師,富邦建設股份有限公司
工程師,桃園市大園區,專科,不拘,15,建物裝修及裝潢業,日班,1,65000,機電監造工程師,國朋工程有限公司
工程師,新北市新莊區,大學,不拘,250,通訊機械器材相關業,日班,0,40500,機構設計工程師,盟訊實業股份有限公司
工程師,桃園市龜山區,碩士,不拘,260,建築工程業,日班,6,61500,工地副主任(桃園、台北),立穩營造股份有限公司
工程師,新北市三重區,大學,不拘,0,其他電信及通訊相關業,日班,0,46000,網路工程師,智匯亞洲科技股份有限公司
工程師,新加坡,專科,不拘,0,其他半導體相關業,日班,14,112500,軟體工程師-海外,啟士達科技股份有限公司
工程師,新北市樹林區,專科,不拘,30,其他電子零組件相關業,日班,0,35000,研發助理工程師,承達電子股份有限公司
工程師,新北市蘆洲區,專科,不拘,40,其他電子零組件相關業,日班,3,33500,生產助理工程師,宸言科技有限公司
工程師,桃園市龜山區,碩士,不拘,120,空調水機電工程業,日班,3,40000,【桃園】助理工程師,方俊工程有限公司
工程師,嘉義市,碩士,不拘,0,其他營造業,日班,3,65000,營造工程師,日盛營造股份有限公司
工程師,新北市三重區,大學,不拘,20,精密儀器相關製造業,日班,0,45000,設備工程師,利友科技股份有限公司
工程師,台中市南屯區,大學,不拘,100,通用機械設備製造修配業,日班,3,43000,機械設計工程師,霄特國際股份有限公司
工程師,新北市中和區,碩士,不拘,110,電腦及其週邊設備製造業,日班,0,40000,客服工程師,洋銘科技股份有限公司
工程師,台南市安定區,碩士,不拘,0,建築工程業,日班,0,40000,工程師,氏展工程有限公司
工程師,台中市西屯區,碩士,不拘,75,照明設備製造業,夜班,3,50000,機構工程師,日機股份有限公司
工程師,新北市三重區,大學,不拘,55,自動控制相關業,日班,0,45000,助理工程師/工程師-工程部,中寶科技股份有限公司
工程師,台北市信義區,大學,不拘,0,建築及工程技術服務業,日班,6,40000,設計工程師 Design Engineer,派利台灣有限公司
工程師,台南市善化區,碩士,不拘,60,其它軟體及網路相關業,日班,10,65000,ERP 工程師,亞達科技股份有限公司
工程師,新北市三重區,專科,不拘,36,自動控制相關業,日班,1,663400,設備維護工程師,制宜電測股份有限公司
工程師,台北市中山區,專科,不拘,20,建築及工程技術服務業,日班,0,35000,助理工程師,杰林工程科技股份有限公司
工程師,台北市中正區,專科,不拘,0,貨運承攬業,日班,0,45000,機械配管工程師,山水國際通運股份有限公司
工程師,新北市新莊區,大學,不拘,120,電信相關業,日班,3,46500,系統工程師,台灣智慧光網股份有限公司
工程師,新北市泰山區,大學,不拘,3500,半導體製造業,夜班,0,47750,機電工程師,南亞科技股份有限公司
工程師,台北市內湖區,大學,不拘,90,電腦系統整合服務業,日班,12,70000,資深系統工程師,天鉞科技股份有限公司
工程師,台北市松山區,大學,不拘,0,數位內容產業,日班,1,520000,助理工程師,中信安科技有限公司
工程師,台北市內湖區,碩士,不拘,1000,其他金屬相關製造業,日班,1,50000,機構工程師,台灣多耐福股份有限公司
工程師,台中市南屯區,碩士,不拘,21,其他商品批發業,日班,0,52500,品管工程師,美錡國際股份有限公司
工程師,台北市南港區,碩士,不拘,60,電腦軟體服務業,日班,0,900000,測試工程師（QA Engineer）,晧飛思科技股份有限公司
工程師,台南市歸仁區,碩士,不拘,12,航空器及其零件製造修配業,日班,3,60000,機械工程師 Mechanical Engineer,瑞鑑航太科技股份有限公司
工程師,苗栗縣竹南鎮,專科,不拘,180,其他半導體相關業,日班,3,50000,竹南_駐點設備客服工程師,鴻騏新技股份有限公司
工程師,台北市內湖區,碩士,不拘,90,電腦系統整合服務業,日班,5,775000,資安網路工程師,天鉞科技股份有限公司
工程師,桃園市中壢區,大學,不拘,170,其他電力器材製造業,日班,2,34500,研發助理工程師,碩陽電機股份有限公司
工程師,高雄市鼓山區,碩士,不拘,15,其它軟體及網路相關業,日班,1,70000,鋼構拆圖工程師,連訊科技服務股份有限公司
工程師,台北市內湖區,碩士,不拘,30,電腦系統整合服務業,日班,0,47500,系統工程師,渥達數位股份有限公司
工程師,台中市西屯區,專科,不拘,120,建築工程業,日班,0,43000,總公司-內業工程師,實毅營造股份有限公司
工程師,台中市大雅區,專科,不拘,69,其他機械製造修配業,夜班,4,45000,台中大雅-廠務工程師,嘉里大榮物流關係企業_嘉里冷鏈設備股份有限公司
工程師,新北市新店區,碩士,不拘,35,精密儀器相關製造業,日班,0,50000,韌體工程師,泰儀電子股份有限公司
工程師,新北市三重區,大學,不拘,130,其他電信及通訊相關業,日班,2,40000,網路工程師,淮南寰宇股份有限公司
工程師,台南市新市區,專科,不拘,1300,半導體製造業,夜班,0,38000,TN-實驗室助理工程師,家登精密工業股份有限公司
工程師,新北市三重區,碩士,不拘,8,建築工程業,日班,3,50000,內頁工程師,八專企業有限公司
工程師,新竹市,專科,不拘,15,其他半導體相關業,日班,0,35000,設備助理工程師,旭昇精密有限公司
工程師,新竹縣湖口鄉,大學,不拘,1100,印刷電路板製造業(PCB),夜班,3,40780,客服工程師,TCI_台豐印刷電路工業股份有限公司
工程師,新竹市,高中以下,不拘,30,土木工程業,日班,3,40000,內業工程師,泰欣營造股份有限公司
工程師,新北市中和區,大學,不拘,180,電腦系統整合服務業,日班,10,77500,雲端架構工程師,弋揚科技股份有限公司
工程師,台北市大安區,碩士,不拘,20,網際網路相關業,日班,0,40000,前端工程師,優護平台股份有限公司
工程師,彰化縣彰化市,專科,不拘,90,其他電信及通訊相關業,日班,0,50000,產品維運工程師 (工作區域：中彰投區),易通通訊有限公司
工程師,新竹市,碩士,不拘,150,電腦軟體服務業,日班,6,35000,Vue前端工程師,華苓科技股份有限公司
工程師,桃園市新屋區,專科,不拘,38,半導體製造業,日班,0,40000,生產技術工程師,全達國際股份有限公司
工程師,新竹縣竹北市,專科,不拘,15,其它軟體及網路相關業,夜班,0,55000,應用工程師,格路科技股份有限公司
工程師,台中市南屯區,專科,不拘,250,汽車及其零件製造業,日班,3,39500,製程工程師,太宇科技股份有限公司
工程師,新北市五股區,大學,不拘,35,化妝品製造業,日班,0,35000,品管工程師,昇洋生物科技股份有限公司
工程師,桃園市中壢區,碩士,不拘,25,空調水機電工程業,日班,5,42500,工程師/助理工程師,長碁工程有限公司
工程師,高雄市楠梓區,專科,不拘,180,其他半導體相關業,日班,3,725000,高雄_設備客服工程師,鴻騏新技股份有限公司
工程師,新北市三峽區,碩士,不拘,90,其他電子零組件相關業,日班,2,60000,Labview 研發工程師,宏瀨光電有限公司
工程師,台北市內湖區,大學,不拘,90,電腦系統整合服務業,日班,8,57500,系統工程師,天鉞科技股份有限公司
工程師,新北市樹林區,大學,不拘,0,印刷電路板製造業(PCB),夜班,1,43000,產品設計工程師,嘉聯益科技股份有限公司
工程師,台北市松山區,大學,不拘,10,其他電力器材製造業,日班,3,40000,地熱工程師,兆豐國際能源科技股份有限公司
工程師,桃園市中壢區,碩士,不拘,50,電腦系統整合服務業,日班,7,46500,系統工程師,又碩電腦科技股份有限公司
工程師,台中市后里區,碩士,不拘,120,空調水機電工程業,日班,0,40000,【台中】 助理工程師,方俊工程有限公司
工程師,桃園市龜山區,碩士,不拘,75,塑膠製品製造業,日班,5,37500,助理工程師,精晨科技股份有限公司
工程師,桃園市龜山區,大學,不拘,40,文教／育樂用品批發業,日班,0,50000,品質驗證工程師,雷碩創新股份有限公司
工程師,新竹市,專科,不拘,10,其他電子零組件相關業,日班,0,44000,工程師,崇旭科技有限公司
工程師,台中市南屯區,大學,不拘,400,土木工程業,日班,6,48000,電機助理工程師,黎明工程顧問股份有限公司
工程師,新竹縣竹北市,碩士,不拘,25,電腦軟體服務業,日班,9,55000,全端工程師,源思科技股份有限公司
工程師,新北市板橋區,專科,不拘,13,電腦系統整合服務業,日班,6,41500,資訊維護工程師,旺威科技有限公司
工程師,台南市新市區,專科,不拘,80,半導體製造業,日班,0,46500,(鴻伍)裝機工程師 -台南,鴻久科技股份有限公司
工程師,桃園市中壢區,碩士,不拘,0,其他電子零組件相關業,日班,7,35000,助理工程師,美商_索士亞科技股份有限公司
工程師,新竹市,專科,不拘,150,自動控制相關業,夜班,2,47500,[新竹] 客服工程師,芯動能設備股份有限公司
工程師,台北市士林區,碩士,不拘,4,創投業,日班,9,1600000,資深軟體工程師,太洪投資股份有限公司
工程師,台北市中山區,大學,不拘,60,電腦軟體服務業,日班,4,60000,維運工程師,奔騰雲創有限公司
軟體,新北市汐止區,專科,不拘,35,其他電子零組件相關業,日班,0,31000,組裝作業員,德商_兆鎂新有限公司
軟體,台北市中正區,碩士,不拘,180,電腦軟體服務業,夜班,0,44500,IoT軟體工程師(台北),全景軟體股份有限公司
軟體,台北市內湖區,大學,不拘,200,電腦軟體服務業,夜班,0,58111,【PO】Product Owner  / 產品負責人 (OB02),瑞嘉軟體科技股份有限公司
軟體,新北市土城區,專科,不拘,120,電力機械器材製造修配業,夜班,6,57500,軟體研發工程師,眾陽機械製造股份有限公司
軟體,台中市西屯區,專科,不拘,0,電腦軟體服務業,日班,3,35500,軟體工程師,正鼎軟體科技股份有限公司
軟體,新北市新店區,碩士,不拘,188,光電產業,夜班,2,43500,軟體工程師,晶達光電股份有限公司
軟體,新北市中和區,碩士,不拘,12,消費性電子產品製造業,日班,12,47500,軟體工程師,金采科技企業有限公司
軟體,桃園市桃園區,大學,不拘,20,電腦系統整合服務業,日班,5,38500,軟體專案助理,洋銘資訊股份有限公司
軟體,台北市內湖區,大學,不拘,200,電腦軟體服務業,夜班,3,38917,【HR】HR Assistant（Payroll Focus）(EB01),瑞嘉軟體科技股份有限公司
軟體,台北市信義區,碩士,不拘,100,其它軟體及網路相關業,日班,7,80000,技術總監 Technical Director,資旅軟體開發有限公司
軟體,新北市新莊區,大學,不拘,35,電腦軟體服務業,日班,5,43000,[台北] 軟體工程師,睿志科技股份有限公司
軟體,新加坡,專科,不拘,0,其他半導體相關業,日班,14,112500,軟體工程師-海外,啟士達科技股份有限公司
軟體,台北市內湖區,碩士,不拘,200,電腦軟體服務業,夜班,0,65179,【MKT】 Thailand Marketing Specialist  (NB02),瑞嘉軟體科技股份有限公司
軟體,新北市三重區,專科,不拘,70,電腦系統整合服務業,日班,4,60000,軟體工程師-10510ZBL02,旭辰資訊股份有限公司
軟體,台北市內湖區,碩士,不拘,20,電腦軟體服務業,日班,0,65000,(資深).NET C# 軟體工程師~參與大型金融開發專案!(可高薪簽約、年薪百萬up),捷通軟體股份有限公司
軟體,新竹縣竹北市,碩士,不拘,0,工商顧問服務業,日班,1,315000,ATE 軟體架構師,台灣聯合東創科技有限公司
軟體,新北市汐止區,大學,不拘,12,電腦系統整合服務業,日班,16,52500,軟體測試工程師,宏智科創股份有限公司
軟體,高雄市楠梓區,專科,不拘,0,自動控制相關業,日班,2,35000,軟體助理工程師,奇犽科技有限公司
軟體,台北市內湖區,碩士,不拘,200,電腦軟體服務業,夜班,3,43189,【MKT】行銷主管助理 / Marketing Operations Assistant (NB02),瑞嘉軟體科技股份有限公司
軟體,台北市大安區,大學,不拘,30,電腦軟體服務業,日班,6,66000,Java軟體工程師,重高科技股份有限公司
軟體,台北市松山區,碩士,不拘,7,電腦軟體服務業,日班,3,43000,軟體工程師,昕睿資訊股份有限公司
軟體,高雄市楠梓區,大學,不拘,10,自動控制相關業,日班,1,40000,軟體工程師,喬禾科技自動化機械有限公司
軟體,台中市北區,碩士,不拘,7,其它軟體及網路相關業,日班,0,41500,專案軟體工程師,悅鼎軟體有限公司
軟體,台北市中正區,大學,不拘,45,電腦軟體服務業,日班,4,60000,軟體工程師,英福達科技股份有限公司
軟體,台北市內湖區,碩士,不拘,200,電腦軟體服務業,夜班,3,55464,【MKT】SEO 專員 / SEO Executive,瑞嘉軟體科技股份有限公司
軟體,新北市中和區,專科,不拘,8,自動控制相關業,日班,2,46500,自控/軟體工程師,菘原科技有限公司
軟體,新北市汐止區,碩士,不拘,13000,電腦軟體服務業,日班,1,30000,T－銀行大型主機Cobol工程師（0-1年經驗可，含職前培訓）（汐止）,緯創軟體股份有限公司
軟體,台中市西屯區,大學,不拘,12,室內設計業,日班,4,40000,(台中西屯) 室內設計師 助理設計師,實貳設計室內裝修有限公司
軟體,雲林縣土庫鎮,碩士,不拘,0,自動控制相關業,日班,10,48000,軟體工程師,良訊科技有限公司
軟體,台北市大安區,碩士,不拘,15,其他金融及輔助業,日班,2,65000,C++軟體工程師,皓德盛科技股份有限公司
軟體,台中市北區,碩士,不拘,7,其它軟體及網路相關業,日班,0,35500,專案軟體工程助理,悅鼎軟體有限公司
軟體,桃園市中壢區,大學,不拘,170,自動控制相關業,日班,6,50500,PC軟體工程師,鴻績工業股份有限公司
軟體,新北市永和區,專科,不拘,0,電腦軟體服務業,日班,7,35000,軟體工程師,道吉科技有限公司
軟體,新北市中和區,碩士,不拘,0,電腦軟體服務業,日班,0,60000,遊戲軟體工程師,龍鵬科技股份有限公司
軟體,台北市南港區,碩士,不拘,0,工商顧問服務業,日班,0,130000,軟體人員,父工投資股份有限公司
軟體,台北市內湖區,碩士,不拘,80,綜合商品批發代理業,日班,0,80000,軟體工程師,順康貿易股份有限公司
軟體,新北市土城區,專科,不拘,200,書籍出版業,夜班,4,37500,軟體部專員,全華圖書股份有限公司
軟體,台北市松山區,碩士,不拘,0,電腦軟體服務業,日班,7,100000,主任軟體工程師,美克資訊有限公司
軟體,新竹市,碩士,不拘,0,電腦軟體服務業,日班,11,35000,Notes Domino/BPM 軟體工程師【竹科】,先宏資訊股份有限公司
軟體,台北市大同區,專科,不拘,20,電腦軟體服務業,日班,0,36000,軟體系統客服人員,眾碩科技股份有限公司
軟體,台中市大肚區,大學,不拘,45,建築工程業,日班,4,62500,建築規劃設計主管或高級專員(薪:4.5~8萬),茂洋建設股份有限公司
軟體,台南市新市區,專科,不拘,50,電腦系統整合服務業,日班,3,48000,軟體工程師(台南),智禾科技股份有限公司
軟體,台南市南區,專科,不拘,0,電腦及其週邊設備製造業,日班,4,37500,軟體工程師,鎧睿國際有限公司
軟體,台北市松山區,大學,不拘,0,其它軟體及網路相關業,日班,10,50000,軟體測試工程師,微巨行動科技股份有限公司
軟體,新北市汐止區,專科,不拘,98,電腦系統整合服務業,日班,3,42500,軟體工程師,宏誌科技股份有限公司
軟體,台中市西屯區,大學,不拘,30,網際網路相關業,日班,6,45000,軟體設計工程師,米粉生活科技有限公司
軟體,台北市松山區,碩士,不拘,60,電腦軟體服務業,日班,0,32000,軟體測試工程師,曜祥網技股份有限公司
軟體,台北市中山區,碩士,不拘,48,電腦軟體服務業,日班,1,36500,QA Engineer／測試工程師（遊戲產品）,DireSoft_德元軟體科技有限公司
軟體,桃園市中壢區,碩士,不拘,0,其它軟體及網路相關業,日班,3,45000,多媒體互動軟體工程師,冠嘉系統科技有限公司
軟體,高雄市小港區,大學,不拘,3000,其他運輸工具及零件製造修配業,日班,1,49500,軟體開發管理師,台船_台灣國際造船股份有限公司
軟體,桃園市桃園區,大學,不拘,20,電腦系統整合服務業,日班,6,47000,軟體專案管理師,洋銘資訊股份有限公司
軟體,台北市內湖區,大學,不拘,115,醫療器材製造業,日班,0,45000,【薪酬福利部】薪酬專員/主任,沃醫學股份有限公司
軟體,台中市北屯區,大學,不拘,500,餐館業,日班,0,45000,"【森森燒肉總公司】資訊專員 -  薪資依職級35,000~55,000",森森燒肉股份有限公司
軟體,台北市中正區,碩士,不拘,0,電腦軟體服務業,日班,0,45000,手動軟體測試SQA [03],智滙科技股份有限公司
軟體,新北市中和區,專科,不拘,13,電腦軟體服務業,日班,5,36500,ERP軟體助理工程師,和易資訊有限公司
軟體,台北市中正區,碩士,不拘,70,電腦軟體服務業,日班,10,2400000,[RD] SaaS 軟體研發主管 Software Engineer Manager,慧景科技股份有限公司
軟體,桃園市平鎮區,專科,不拘,150,其他電子零組件相關業,日班,3,60000,軟體設計工程師,欣竑科技有限公司
軟體,新竹縣竹北市,碩士,不拘,20,IC設計相關業,日班,1,70000,Windows 工具軟體研發工程師,英商美棣有限公司台灣分公司
軟體,台北市內湖區,大學,不拘,30,電腦軟體服務業,日班,3,1000000,軟體工程師Software Design Engineer,RADIANT KNIGHT LIMITED_薩摩亞商耀爵有限公司台灣分公司
軟體,新北市五股區,專科,不拘,3600,檢測技術服務,夜班,4,67500,IOT 軟體工程師,SGS _ 台灣檢驗科技股份有限公司
軟體,台北市中山區,碩士,不拘,8,電腦軟體服務業,日班,4,450000,儲備軟體專案管理師 / 軟體專案助理,時賦科技有限公司
軟體,台北市內湖區,大學,不拘,30,其它軟體及網路相關業,日班,7,50000,Android/Linux 軟體工程師,禾麟數碼科技股份有限公司
軟體,桃園市龜山區,碩士,不拘,0,電腦軟體服務業,日班,7,57500,軟體工程師,展市華科技有限公司
軟體,台北市中山區,碩士,不拘,19,電腦軟體服務業,日班,0,220,行政工讀生,大數軟體有限公司
軟體,台北市中正區,碩士,不拘,3583,餐館業,夜班,0,60000,軟體系統工程師,日商_亞洲藏壽司股份有限公司
軟體,新竹市,碩士,不拘,150,電腦軟體服務業,日班,10,35000,軟體工程師(新竹),華苓科技股份有限公司
軟體,新竹縣新埔鎮,碩士,不拘,0,光電產業,日班,3,70000,"軟體工程師(C#, Python, Labview)",博隆精密科技股份有限公司
軟體,台北市中山區,碩士,不拘,250,電腦軟體服務業,日班,2,37500,軟體訓練師(台北),文中資訊股份有限公司
軟體,桃園市中壢區,專科,不拘,170,自動控制相關業,日班,12,55500,PLC軟體工程師,鴻績工業股份有限公司
軟體,台北市中山區,碩士,不拘,0,電腦軟體服務業,日班,11,58500,後端軟體工程師(Java),沐創資訊有限公司
軟體,新北市新莊區,碩士,不拘,0,電力機械器材製造修配業,日班,7,50000,軟體工程師,知洋科技股份有限公司
軟體,雲林縣土庫鎮,碩士,不拘,0,自動控制相關業,日班,11,48000,軟體工程師,竣聯科技股份有限公司
軟體,台北市內湖區,大學,不拘,200,電腦軟體服務業,夜班,0,86823,【DBA】MySQL / SQL Server DBA  資料庫管理工程師 (OB03),瑞嘉軟體科技股份有限公司
軟體,台北市信義區,碩士,不拘,20,電腦軟體服務業,日班,0,70000,iOS App Developer 大型金融客戶! (可高薪簽約、年薪百萬up),捷通軟體股份有限公司
軟體,台北市中山區,碩士,不拘,48,其它軟體及網路相關業,日班,4,64988,區塊鏈軟體研發工程師,區塊科技股份有限公司
軟體,新竹縣湖口鄉,碩士,不拘,40,其他半導體相關業,日班,5,67000,軟體工程師,衡碁科技股份有限公司
軟體,台北市萬華區,碩士,不拘,40,電腦軟體服務業,日班,8,43000,Java軟體工程師(台北),景佳科技有限公司
軟體,新北市土城區,大學,不拘,95,金屬加工用機械製造修配業,夜班,2,55000,軟體工程師,先鋒機械股份有限公司
軟體,台南市新市區,碩士,不拘,13000,電腦軟體服務業,日班,0,36500,T－四班二輪維運工程師（台南）,緯創軟體股份有限公司
軟體,新北市板橋區,大學,不拘,20,電腦軟體服務業,日班,0,38000,軟體-軟體助理工程師,美綠國際股份有限公司
軟體,新竹市,碩士,不拘,13000,電腦軟體服務業,日班,0,34000,T－OA Helpdesk 駐廠工程師（新竹 / 桃園 / 台南）,緯創軟體股份有限公司
軟體,桃園市桃園區,專科,不拘,25,電腦軟體服務業,日班,6,110000,遊戲後端工程師【桃園】,香港商天宏軟體製作有限公司台灣分公司
軟體,新北市汐止區,碩士,不拘,130,汽車及其零件製造業,日班,3,45000,軟體工程師,宗盈國際科技股份有限公司(緯創集團)
軟體,台南市安平區,碩士,不拘,5,電腦軟體服務業,日班,2,40000,程式軟體工程師,威佳科技有限公司
軟體,台北市內湖區,碩士,不拘,20,電腦軟體服務業,日班,0,60000,(資深)Front-end 前端工程師,捷通軟體股份有限公司
硬體,高雄市大寮區,碩士,不拘,40,金屬結構及建築組件製造業,日班,0,40000,雷射切割技術人員,宇建形象有限公司
硬體,新竹縣竹北市,專科,1–3年,330,其他半導體相關業,日班,0,36000,測試工程師(夜班),雍智科技股份有限公司
硬體,新北市中和區,碩士,不拘,30,電腦系統整合服務業,日班,6,35000,電腦硬體工程師,凱穩電子股份有限公司
硬體,桃園市桃園區,碩士,不拘,0,電腦軟體服務業,日班,0,150000,硬體工程師(Hardware Engineer),八達有限公司
硬體,新北市汐止區,碩士,不拘,50,消費性電子產品製造業,日班,3,60000,硬體工程師,禾蒼科技股份有限公司
硬體,新竹縣竹北市,大學,不拘,50,消費性電子產品製造業,夜班,1,1250000,硬體工程師,好樣科技有限公司
硬體,新竹市,大學,不拘,1000,半導體製造業,夜班,4,66000,RA硬體開發工程師,久元電子股份有限公司
硬體,新加坡,專科,不拘,0,其他半導體相關業,日班,12,112500,硬體產品工程師-海外,啟士達科技股份有限公司
硬體,新竹市,碩士,不拘,0,半導體製造業,日班,7,80000,系統硬體研發工程師,伊士博國際商業股份有限公司
硬體,台南市新市區,專科,不拘,70,其他電子零組件相關業,日班,0,55000,【Vusion】硬體工程師,龍亭新技股份有限公司
硬體,新北市新店區,碩士,不拘,19,通訊機械器材相關業,日班,0,62500,系統硬體開發工程師,翔探科技股份有限公司
硬體,台中市大里區,大學,不拘,0,人力仲介代徵,日班,0,60000,【台中】 硬體研發工程師,布魯斯人事顧問有限公司
硬體,新竹市,碩士,不拘,70,其他半導體相關業,日班,0,45000,北部半導體業務專員 【年薪14~16個月/ 無經驗可】,欣陽電機有限公司
硬體,桃園市觀音區,碩士,不拘,70,塑膠製品製造業,日班,0,34000,品保人員,基祐企業股份有限公司
硬體,桃園市龍潭區,碩士,不拘,0,電腦及其週邊設備製造業,日班,4,48000,硬體工程師,強鋒科技有限公司
硬體,南投縣竹山鎮,碩士,不拘,0,醫院,日班,0,34500,資訊(硬體)助理專員,東華醫院
硬體,台北市內湖區,專科,不拘,77,電腦軟體服務業,夜班,0,55000,RF 硬體工程師,新誼整合科技股份有限公司
硬體,台中市西屯區,專科,不拘,0,電腦軟體服務業,日班,7,30000,硬體工程師,昱展智雲股份有限公司
硬體,桃園市龜山區,專科,不拘,22,電腦系統整合服務業,日班,3,43000,硬體工程師,三恆科技有限公司
硬體,屏東縣獅子鄉,專科,不拘,1400,土木工程業,日班,3,35000,客服人員(屏東鯉龍山人文紀念館),皆豪實業股份有限公司
硬體,台北市大安區,碩士,不拘,0,廣告行銷公關業,日班,0,35000,電商營運助理 [歡迎新鮮人，無經驗可],大數行銷有限公司
硬體,台北市內湖區,專科,不拘,90,電腦系統整合服務業,日班,0,40000,硬體助理工程師,昱樺科技股份有限公司
硬體,新北市三重區,碩士,不拘,40,自動控制相關業,日班,0,80000,硬體系統驗證工程師 Hardware System Validation Engineer,和旺昌噴霧股份有限公司
硬體,台北市北投區,專科,不拘,0,光學器材製造業,日班,0,32500,硬體工讀生,捷將科技有限公司
硬體,高雄市前鎮區,高中職,不拘,80,其他相關製造業,日班,5,42500,硬體工程師,大灃科技股份有限公司
硬體,高雄市燕巢區,大學,不拘,8,醫療器材製造業,日班,5,40000,硬體設計助理工程師,亮宙科技股份有限公司
硬體,新竹縣湖口鄉,大學,不拘,299,電腦及其週邊設備製造業,夜班,0,45000,【RD2-S-1】(硬體)研發助理工程師-新竹,泓格科技股份有限公司
硬體,台北市中山區,專科,不拘,600,金屬結構及建築組件製造業,日班,0,40000,資訊硬體管理人員,中華鋁門窗_中華電線電纜股份有限公司
硬體,高雄市燕巢區,大學,不拘,8,醫療器材製造業,日班,5,60000,硬體設計工程師,亮宙科技股份有限公司
硬體,台北市北投區,大學,不拘,0,電腦及其週邊設備製造業,夜班,0,30000,RD21010 硬體研發工程師(筆記型電腦),華碩電腦股份有限公司
硬體,台北市南港區,大學,不拘,0,人力仲介代徵,日班,0,42500,[南港]前進外商筆電品牌廠_初階硬體測試工程師(KA_823),藝珂人事顧問股份有限公司
硬體,新竹市,大學,不拘,0,其他電子零組件相關業,日班,6,66000,硬體工程師,兆發科技股份有限公司
硬體,高雄市岡山區,大學,不拘,400,其他金屬相關製造業,日班,0,33000,硬體工程師,芳生螺絲股份有限公司
硬體,台北市內湖區,專科,不拘,350,半導體製造業,夜班,3,47500,STL-硬體助理工程師,偉詮電子股份有限公司
硬體,台中市南區,大學,不拘,2900,醫院,夜班,0,38850,資訊室 硬體工程師(維運類),中山醫學大學附設醫院
硬體,新北市汐止區,碩士,不拘,13,電子通訊／電腦週邊零售業,日班,8,42500,IDC 機房硬體維運工程師,翔傲國際電訊股份有限公司
硬體,高雄市仁武區,碩士,不拘,0,廣告行銷公關業,日班,3,54000,會場硬體佈置人員,誠豐活動行銷有限公司
硬體,高雄市鳳山區,大學,不拘,0,消費性電子產品製造業,日班,0,36000,硬體助理工程師,艾法科技股份有限公司
硬體,台北市內湖區,大學,不拘,45,其他電子零組件相關業,日班,2,35000,硬體助理工程師,誠釱科技股份有限公司
硬體,台中市西屯區,碩士,不拘,3,廣告行銷公關業,日班,0,3000,活動硬體人員,小弧子創意有限公司
硬體,新北市三重區,碩士,不拘,15,其它軟體及網路相關業,日班,0,45000,硬體mis維護工程師,冠理科技股份有限公司
硬體,桃園市中壢區,碩士,不拘,40,電腦及其週邊設備製造業,日班,0,50000,高級硬體工程師,寶虹電子股份有限公司
硬體,台中市西區,專科,不拘,0,百貨相關業,夜班,0,37500,硬體維修工程師,廣三SOGO_廣三崇光國際開發股份有限公司
硬體,新北市三重區,大學,不拘,73,消費性電子產品製造業,日班,4,43000,硬體工程師,銓盛電子股份有限公司
硬體,台北市信義區,專科,不拘,0,舞台架設及視聽工程業,日班,0,34000,演唱會硬體執行助理,城鎮事業有限公司
硬體,新竹縣竹北市,大學,不拘,3200,電腦及其週邊設備製造業,夜班,0,32500,【竹北廠】研發單位-硬體研發-實習生,智邦科技股份有限公司
硬體,嘉義市,碩士,不拘,180,醫院,日班,1,41500,硬體維護工程師,慶昇醫療社團法人慶昇醫院
硬體,新北市中和區,大學,不拘,70,消費性電子產品製造業,日班,1,57500,硬體工程師,競鋒科技有限公司
硬體,新北市新店區,碩士,不拘,580,電腦及其週邊設備製造業,夜班,0,35000,硬體研發工程師(UP),研揚科技股份有限公司
硬體,台中市西屯區,大學,不拘,160,其他電子零組件相關業,日班,6,47500,硬體設計工程師,寧茂企業股份有限公司
機械,台中市西屯區,碩士,不拘,60,其他機械製造修配業,日班,2,33500,工業設計員(33000起薪，無經驗可),鴻佑機械鈑金有限公司
機械,高雄市大寮區,大學,不拘,85,通用機械設備製造修配業,日班,2,45000,機械繪圖工程師,頂瑞機械股份有限公司
機械,嘉義縣民雄鄉,碩士,不拘,280,金屬加工用機械製造修配業,日班,2,37500,機械組立人員(民雄廠),遠東機械工業股份有限公司
機械,新北市八里區,專科,不拘,10,電力機械器材製造修配業,日班,3,52500,機械繪圖,弘鈺機械工業有限公司
機械,新北市土城區,專科,不拘,95,金屬加工用機械製造修配業,夜班,0,41000,機械裝配人員,先鋒機械股份有限公司
機械,高雄市鳥松區,專科,不拘,480,自動控制相關業,夜班,0,38500,(3)製造部-機械組裝人員_(高雄),廣運機械工程股份有限公司
機械,新北市汐止區,大學,不拘,0,專用生產機械製造修配業,日班,0,47500,機械組裝測試工程師,鼎立豐機械有限公司
機械,台中市西屯區,碩士,不拘,127,金屬加工用機械製造修配業,日班,0,40000,機械組立人員,鍵和機械股份有限公司
機械,台中市南屯區,專科,不拘,235,自動控制相關業,日班,5,40000,機械繪圖員,和和機械股份有限公司
機械,新竹縣湖口鄉,高中職,不拘,30,電力機械器材製造修配業,日班,2,50500,自動化機械設計工程師,佳德精密機械有限公司
機械,南投縣名間鄉,大學,不拘,50,自動控制相關業,日班,7,38500,機械繪圖員,鐠羅機械股份有限公司
機械,台中市大雅區,專科,不拘,100,電力機械器材製造修配業,日班,0,32000,機械組立人員,準力機械股份有限公司
機械,台中市西屯區,碩士,不拘,250,電力機械器材製造修配業,日班,4,36500,機械設計工程師*,裕力機械股份有限公司
機械,桃園市中壢區,專科,不拘,15,機械器具零售業,日班,2,79000,電焊工，繪圖人員，電機配盤，機械加工組裝，,中日機械有限公司
機械,桃園市中壢區,專科,不拘,1300,電力機械器材製造修配業,夜班,2,35000,機械設計工程師(青埔)【IBU】,迅得機械股份有限公司
機械,桃園市中壢區,大學,不拘,1300,電力機械器材製造修配業,夜班,0,30000,【半年、一年】實習生 (青埔),迅得機械股份有限公司
機械,台南市永康區,大學,不拘,50,其他機械製造修配業,日班,6,50000,機械開發工程師,凱泓機械股份有限公司
機械,台南市安南區,碩士,不拘,150,其他機械製造修配業,日班,0,34000,機械組立技術員,樺欽機械廠有限公司
機械,桃園市龜山區,高中以下,不拘,140,其他食品製造業,日班,0,33000,龜山-會計助理,雙葉食品股份有限公司
機械,桃園市龜山區,專科,不拘,41,建築工程業,日班,0,46500,現場工程師,工鼎鋼鐵股份有限公司
機械,台南市安南區,高中以下,不拘,30,其他機械製造修配業,日班,0,31000,機械組立助理（無經驗可）,添聖機械股份有限公司
機械,台中市烏日區,碩士,不拘,50,專用生產機械製造修配業,日班,3,47500,機械設計師,龍進自動機械股份有限公司
機械,新北市新莊區,專科,不拘,20,電力機械器材製造修配業,日班,2,70000,設計機械繪圖人員,華穎精密機械股份有限公司
機械,高雄市大寮區,專科,不拘,30,電力機械器材製造修配業,日班,0,50000,機械設計製圖人員,詠興機械工業有限公司
機械,新北市汐止區,大學,不拘,180,自動控制相關業,日班,5,49500,機械工程師-台北K,興聖機械股份有限公司
機械,台中市烏日區,專科,不拘,100,電力機械器材製造修配業,日班,0,38500,機械組裝人員,台灣艾恩司股份有限公司
機械,台中市烏日區,碩士,不拘,0,機械器具批發業,日班,0,37500,機械組配工程師,冠睿機械有限公司
機械,台南市永康區,碩士,不拘,60,通用機械設備製造修配業,日班,3,36500,機械製圖(33K-40K),瑋祥機械股份有限公司
機械,台北市士林區,碩士,不拘,80,專用生產機械製造修配業,日班,2,51000,2D3D製圖人員,啟德包裝機械股份有限公司
機械,台中市西區,專科,不拘,0,其他機械製造修配業,日班,6,49250,機械繪圖助理人員,遠技工程股份有限公司
機械,台中市豐原區,碩士,不拘,75,電力機械器材製造修配業,日班,0,46000,機械組立人員,日意機械股份有限公司
機械,高雄市前鎮區,大學,不拘,180,自動控制相關業,日班,4,49500,機械工程師-高雄,興聖機械股份有限公司
機械,新北市新莊區,碩士,不拘,28,電力機械器材製造修配業,日班,0,42000,模具製作工程師,端揆機械事業有限公司
機械,桃園市蘆竹區,碩士,不拘,180,專用生產機械製造修配業,日班,0,39500,C30-機械組裝工程師,添進裕機械股份有限公司
機械,台北市中山區,專科,不拘,50,其他相關製造業,日班,2,650000,機械工程師,明泰精密機械有限公司
機械,彰化縣埔心鄉,碩士,不拘,30,專用生產機械製造修配業,日班,0,37500,機械組立人員,仕全機械工業有限公司
機械,台北市內湖區,專科,不拘,35,綜合商品批發代理業,日班,3,45000,北區機械維修工程師,艾律德空壓機械有限公司
機械,台中市南屯區,碩士,不拘,25,專用生產機械製造修配業,日班,0,37500,機械裝配員,向應機械工業股份有限公司
機械,新加坡,碩士,不拘,140,人力仲介代徵,日班,0,82500,【新加坡】5/23台北面試會 - 力森諾科半導體材料公司 誠徵 設備工程師助理(中文面試!歡迎應屆畢業生!),台灣英特艾倫人力資源有限公司
機械,桃園市龜山區,專科,不拘,12000,被動電子元件製造業,日班,3,41000,研發樣製副工程師(機械/設備背景)@桃園_可配合桃園市青年安薪就業讚方案_01090032,乾坤科技股份有限公司_台達電子集團
機械,嘉義縣民雄鄉,碩士,不拘,280,金屬加工用機械製造修配業,日班,5,38500,鋼鐵部-生管人員(頭橋廠),遠東機械工業股份有限公司
機械,台中市烏日區,大學,不拘,50,專用生產機械製造修配業,日班,5,40000,生管專員,龍進自動機械股份有限公司
機械,台中市南屯區,大學,不拘,100,通用機械設備製造修配業,日班,3,43000,機械設計工程師,霄特國際股份有限公司
機械,桃園市龜山區,大學,不拘,0,專用生產機械製造修配業,日班,3,36000,機械設計工程師,謚欣機械工程股份有限公司
機械,台中市豐原區,碩士,不拘,25,其他機械製造修配業,日班,4,40000,機械設計／繪圖人員,快得機械工業有限公司
機械,桃園市中壢區,大學,不拘,1400,汽車及其零件製造業,日班,0,58500,【中壢廠】職業安全衛生管理師,六和機械股份有限公司
機械,桃園市蘆竹區,碩士,不拘,45,自動控制相關業,夜班,2,36000,機械設計工程師,璉鐵機械工業股份有限公司
機械,嘉義市,專科,不拘,280,金屬加工用機械製造修配業,日班,0,40000,鋼鐵部-技術員(忠孝廠),遠東機械工業股份有限公司
機械,台中市神岡區,碩士,不拘,40,專用生產機械製造修配業,日班,0,50000,PLC電控工程師,永烜機械科技有限公司
機械,台中市神岡區,專科,不拘,700,專用生產機械製造修配業,夜班,1,40000,產品研發工程師,永進機械工業股份有限公司
機械,新竹市,碩士,不拘,0,通用機械設備製造修配業,日班,0,51500,機械組立技師,秋榮機械股份有限公司
機械,桃園市八德區,專科,不拘,25,精密儀器相關製造業,日班,0,1600,機械組裝技術員,群智自動化機械有限公司
機械,台中市神岡區,高中以下,不拘,700,專用生產機械製造修配業,夜班,0,38500,售服維修工程師【工作地:台中，無經驗可，並輔導取得專業證照】,永進機械工業股份有限公司
機械,桃園市中壢區,專科,不拘,1300,電力機械器材製造修配業,夜班,2,45000,機械設計高級/資深工程師(青埔)【IBU】,迅得機械股份有限公司
機械,台中市神岡區,專科,不拘,24,專用生產機械製造修配業,日班,0,46000,機械組立人員【歡迎新鮮人加入】,瑋泰機械有限公司
機械,桃園市龜山區,碩士,不拘,15,電力機械器材製造修配業,日班,0,43000,機械組立工程師/助理工程師,久越機械工程有限公司
機械,彰化縣大村鄉,碩士,不拘,85,專用生產機械製造修配業,日班,0,37500,技術員,昇威機械股份有限公司
機械,台中市太平區,碩士,不拘,50,電力機械器材製造修配業,日班,0,35000,機械組立技術人員,聯恆精密機械股份有限公司
機械,台中市西區,專科,不拘,11,電力機械器材製造修配業,日班,3,34000,Administrative Specialist / 行政專員  (國外業務助理),台灣力盟有限公司
機械,新竹縣竹北市,大學,不拘,15,金屬加工用機械製造修配業,日班,7,63500,機械設計工程師,叡億機械股份有限公司
機械,嘉義縣太保市,高中職,不拘,50,電力機械器材製造修配業,夜班,0,36500,機械組立人員,震錩塑膠機械廠股份有限公司
機械,台中市大里區,專科,不拘,72,其他機械製造修配業,日班,0,35000,機械設備組裝人員,中義科技機械股份有限公司
機械,台中市西屯區,專科,不拘,330,通用機械設備製造修配業,日班,0,40000,總務管理師,程泰機械股份有限公司
機械,彰化縣埤頭鄉,專科,不拘,16,其他機械製造修配業,日班,2,32250,【零經驗可】機械設備組立員,見春機械工業有限公司
機械,台中市烏日區,專科,不拘,50,專用生產機械製造修配業,日班,3,52500,線切割工程師,龍進自動機械股份有限公司
機械,台北市南港區,大學,不拘,480,自動控制相關業,夜班,4,40500,(1)機械部-機械工程師_(南港),廣運機械工程股份有限公司
機械,桃園市龍潭區,碩士,不拘,22,電力機械器材製造修配業,日班,0,34000,機械組立加工技術員,金弘吉機械工業有限公司
機械,台中市南屯區,碩士,不拘,0,電力機械器材製造修配業,日班,0,33000,機械設備組裝人員,銓風機械股份有限公司
機械,高雄市大寮區,碩士,不拘,0,專用生產機械製造修配業,日班,0,29500,機械維修學徒,台灣名博機械有限公司
機械,桃園市中壢區,大學,不拘,1400,汽車及其零件製造業,日班,5,40000,【中壢廠】機械設計/材料開發工程師｜歡迎應屆畢業生｜汽車零件領導廠商,六和機械股份有限公司
機械,桃園市龜山區,碩士,不拘,0,專用生產機械製造修配業,日班,0,46000,機械組裝資深工程師 (自動化設備/精密充填系統),馳順機械有限公司
機械,台中市西屯區,專科,不拘,60,專用生產機械製造修配業,日班,5,42500,生產組立工程師,力勁機械股份有限公司
機械,台中市梧棲區,碩士,不拘,30,專用生產機械製造修配業,日班,4,51000,機械製圖人員/機械工程師,萬明機械工業股份有限公司
機械,台中市烏日區,大學,不拘,50,專用生產機械製造修配業,日班,5,40000,採購專員,龍進自動機械股份有限公司
機械,雲林縣褒忠鄉,大學,不拘,12,專用生產機械製造修配業,日班,0,510000,機械維修人員,青揚精密機械有限公司
機械,桃園市龜山區,大學,不拘,70,自動控制相關業,日班,0,35000,機械組裝機械員,世宏智能科技股份有限公司
機械,台中市太平區,專科,不拘,30,其他機械製造修配業,日班,0,35000,機械焊接組立人員,嘉明機械股份有限公司
機械,新北市八里區,碩士,不拘,97,其他機械製造修配業,日班,0,37500,CNC銑床作業員（無經驗可）,千倍機械股份有限公司
機械,嘉義縣太保市,碩士,不拘,0,其他金屬相關製造業,日班,0,34000,機械操作人員,富祥育工業有限公司
機械,台南市安南區,大學,不拘,40,通用機械設備製造修配業,日班,3,40000,機械設計研發工程師,濠瀅機械企業有限公司
機械,桃園市中壢區,大學,不拘,1400,汽車及其零件製造業,日班,0,37500,【中壢廠】品管專員/品檢員,六和機械股份有限公司
機械,台南市官田區,高中職,不拘,45,電力機械器材製造修配業,日班,5,41500,機械製圖,大目機械工業股份有限公司
機械,高雄市鳳山區,碩士,不拘,20,其他相關製造業,日班,5,52500,機械設計工程師,上友仁機械有限公司
機械,台中市烏日區,碩士,不拘,0,機械器具批發業,日班,0,40000,機構工程師,冠睿機械有限公司
機械,高雄市燕巢區,專科,不拘,1300,電力機械器材製造修配業,夜班,1,45000,客服電控工程師(高雄) 【IBU】,迅得機械股份有限公司
機械,高雄市大社區,專科,不拘,0,通用機械設備製造修配業,日班,0,40500,機械產品維修人員(學徒、半技工),鴻億機械工程有限公司
機械,雲林縣大埤鄉,碩士,不拘,8,機械器具批發業,日班,4,36500,機械繪圖工程師（可培訓）,尚明成機械企業有限公司
機械,台中市神岡區,專科,不拘,40,專用生產機械製造修配業,日班,0,44000,現場西工技術員╱氬焊師傅,永烜機械科技有限公司
機械,台中市后里區,大學,不拘,900,專用生產機械製造修配業,夜班,3,52500,半導體軟體工程師-后科廠,旭東機械工業股份有限公司
機械,台中市烏日區,大學,不拘,25,機械器具批發業,日班,0,39000,機械工程師（食品機械／設備工程）台中,德恩食品機械股份有限公司
機械,台中市西屯區,專科,不拘,330,通用機械設備製造修配業,日班,3,30500,總務助理(職務代理-2026/12/31),程泰機械股份有限公司
機械,桃園市蘆竹區,專科,不拘,30,電力機械器材製造修配業,日班,2,47500,機械設計/繪圖工程師,呈新科技股份有限公司
機械,桃園市中壢區,專科,不拘,1300,電力機械器材製造修配業,夜班,0,33000,設備助理工程師(青埔),迅得機械股份有限公司
機械,新北市三重區,專科,不拘,150,其他金屬相關製造業,日班,2,36500,機械設計助理,峰明機械股份有限公司
機械,桃園市中壢區,專科,不拘,1300,電力機械器材製造修配業,夜班,1,37000,組裝工程師(青埔),迅得機械股份有限公司
機械,高雄市仁武區,大學,不拘,15,鋼鐵基本工業,日班,0,35000,機械設計工程師【週休二日，無經驗可】,圖南機械工業有限公司
機械,台中市西屯區,大學,不拘,180,電力機械器材製造修配業,夜班,2,35500,繪圖人員,鉅鋼機械股份有限公司
機械,台中市后里區,大學,不拘,900,專用生產機械製造修配業,夜班,6,52500,機械設計工程師-后科廠,旭東機械工業股份有限公司
機械,新北市五股區,高中職,不拘,20,電力機械器材製造修配業,日班,1,40000,廠務助理,華穎精密機械股份有限公司
機械,嘉義縣民雄鄉,專科,不拘,280,金屬加工用機械製造修配業,日班,3,37500,國外業務人員(民雄廠/台中),遠東機械工業股份有限公司
機械,彰化縣埔心鄉,專科,不拘,10,金屬加工用機械製造修配業,日班,0,34000,機械操作學徒,良富機械股份有限公司
機械,台南市新市區,碩士,不拘,90,專用生產機械製造修配業,日班,0,36000,現廠機械組立員(新市廠),龍盟機械股份有限公司
機械,印尼,大學,不拘,180,專用生產機械製造修配業,日班,0,32000,印尼代表處｜技術支援協調專員,"鳳記國際機械股份有限公司FONG KEE INTERNATIONAL MACHINERY CO., LTD."
機械,台中市太平區,碩士,不拘,35,專用生產機械製造修配業,日班,0,41500,機械組立技術員,鍑鑫塑膠機械股份有限公司
機械,桃園市龜山區,大學,不拘,0,專用生產機械製造修配業,日班,0,35000,業務助理  (無機械廠經驗可，固定休六日),馳順機械有限公司
機械,台中市后里區,大學,不拘,900,專用生產機械製造修配業,夜班,2,52500,PLC自動控制工程師-后科廠,旭東機械工業股份有限公司
機械,台中市霧峰區,碩士,不拘,60,專用生產機械製造修配業,日班,3,53500,機械設計研發工程師 #專業技術累積,昶安機械工業有限公司
機械,台南市永康區,大學,不拘,180,專用生產機械製造修配業,日班,3,47500,行銷業務專員,"鳳記國際機械股份有限公司FONG KEE INTERNATIONAL MACHINERY CO., LTD."
機械,台中市霧峰區,專科,不拘,50,專用生產機械製造修配業,日班,0,35500,《組織擴編》部品組立人員,協益機械工廠
機械,台南市歸仁區,碩士,不拘,0,其他金屬相關製造業,日班,0,37500,機械組裝人員,宗新包裝機械有限公司
機械,台南市安南區,碩士,不拘,150,其他機械製造修配業,日班,0,34000,機械試車員,樺欽機械廠有限公司
機械,台中市大雅區,大學,不拘,16,電力機械器材製造修配業,日班,2,56000,機械設計,德睿機械股份有限公司
機械,新北市土城區,大學,不拘,95,金屬加工用機械製造修配業,夜班,2,42500,機械設計工程師,先鋒機械股份有限公司
機械,高雄市大寮區,高中職,不拘,60,其他機械製造修配業,夜班,0,40000,【自動化設備部】 - 設備操作員,倍榮機械工程有限公司
機械,高雄市小港區,高中職,不拘,280,金屬加工用機械製造修配業,日班,2,42500,鋼鐵部-工地監工人員,遠東機械工業股份有限公司
機械,彰化縣大村鄉,碩士,不拘,85,專用生產機械製造修配業,日班,8,48000,助理工程師,昇威機械股份有限公司
機械,高雄市大寮區,碩士,不拘,0,專用生產機械製造修配業,日班,0,32250,電機維修人員,台灣名博機械有限公司
機械,桃園市龜山區,大學,不拘,750,專用生產機械製造修配業,夜班,0,39000,採購專員,協易機械工業股份有限公司
機械,台南市永康區,碩士,不拘,0,其他金屬相關製造業,日班,0,37500,機械工程師,正規軍機械有限公司
機械,台中市潭子區,專科,不拘,25,電力機械器材製造修配業,日班,0,34500,品檢員,碩鍵機械股份有限公司
機械,台中市烏日區,大學,不拘,50,專用生產機械製造修配業,日班,6,45000,售後服務工程師,龍進自動機械股份有限公司
機械,台中市東區,專科,不拘,40,專用生產機械製造修配業,日班,6,37000,行銷企劃,塑懋機械有限公司
機械,高雄市大寮區,大學,不拘,100,鋼鐵基本工業,日班,4,39000,機械設計繪圖工程師,正熊機械股份有限公司
機械,新北市三重區,大學,不拘,30,電力機械器材製造修配業,日班,2,42500,機械設計工程師,正越企業有限公司
機械,桃園市龜山區,專科,不拘,120,其他機械製造修配業,日班,0,32500,機械組立技術員,長岡機電股份有限公司
機械,台中市神岡區,碩士,不拘,50,電力機械器材製造修配業,日班,0,40000,機械組立工程師,裕桓機械股份有限公司
機械,新竹市,高中職,不拘,80,建築及礦業機械設備製造修配業,日班,0,40000,機械製造技術人員,榮勝機械工程股份有限公司
機械,桃園市龜山區,專科,不拘,30,電力機械器材製造修配業,日班,0,40500,【林口美光】機械設備調整員,祐林機械有限公司
機械,台中市太平區,碩士,不拘,50,電力機械器材製造修配業,日班,3,42500,機械研發設計工程師,聯恆精密機械股份有限公司
機械,台南市安南區,專科,不拘,40,通用機械設備製造修配業,日班,3,35000,機械組立裝配工程師,濠瀅機械企業有限公司
機械,高雄市燕巢區,專科,不拘,50,其他機械製造修配業,日班,0,38000,機械製造人員,椿揚食品機械股份有限公司
機械,嘉義縣大林鎮,高中職,不拘,65,專用生產機械製造修配業,日班,0,42500,機械加工及組立人員,漢王機械股份有限公司
機械,新竹縣湖口鄉,專科,不拘,200,化學原料製造業,夜班,0,36000,工務-機械,康普材料科技股份有限公司
機械,台南市新市區,碩士,不拘,90,專用生產機械製造修配業,日班,2,35750,機械設計╱繪圖人員(新市廠),龍盟機械股份有限公司
機械,台中市神岡區,專科,不拘,14,電力機械器材製造修配業,日班,0,40000,機械組裝維修工程技師 (薪4萬起),今日食品機械有限公司
機械,台南市仁德區,專科,不拘,80,專用生產機械製造修配業,日班,0,35000,機械組裝技術人員,百城機械企業股份有限公司
機械,桃園市中壢區,專科,不拘,1300,電力機械器材製造修配業,夜班,0,41500,工安工程師/職安人員(青埔/台中/台南/高雄),迅得機械股份有限公司
機械,彰化縣二林鎮,專科,不拘,30,電力機械器材製造修配業,日班,0,41500,【二林廠】矽品精密-6s,祐林機械有限公司
機械,台中市神岡區,碩士,不拘,0,其他機械製造修配業,日班,2,44000,機械設計繪圖人員(週休二日),德川機械股份有限公司
機械,桃園市龜山區,碩士,不拘,2500,電力機械器材製造修配業,夜班,4,44000,【設研】專案管理工程師(無經驗可),中興電工機械股份有限公司
機械,桃園市蘆竹區,碩士,不拘,13,其他金屬相關製造業,日班,0,55000,機械電機人員,巨順機械有限公司
機械,台中市大甲區,碩士,不拘,200,通用機械設備製造修配業,日班,4,31750,內勤業務人員(大甲幼獅工業區),大甲永和機械工業股份有限公司
機械,台中市大雅區,碩士,不拘,180,金屬加工用機械製造修配業,日班,0,35000,機械組立專員,聖杰國際股份有限公司
機械,高雄市湖內區,碩士,不拘,200,專用生產機械製造修配業,夜班,0,40000,機械製圖員,榮田精機股份有限公司
機械,桃園市八德區,專科,不拘,30,自動控制相關業,夜班,2,47500,機械繪圖人員,華勝科技股份有限公司
電機,桃園市大溪區,專科,不拘,3,自動控制相關業,日班,0,45000,配線技術人員,錩弘科技有限公司
電機,台南市新市區,大學,不拘,70,其他半導體相關業,日班,0,45000,南部半導體業務專員【年薪14~16個月/ 無經驗可】,欣陽電機有限公司
電機,高雄市前鎮區,大學,不拘,30,電力機械器材製造修配業,夜班,5,60000,【電機工程師】富國電機,富國電機股份有限公司
電機,高雄市仁武區,碩士,不拘,21,管線／管道工程相關業,日班,0,47500,電機技術工程師,裕旻機電技術顧問股份有限公司
電機,台南市永康區,專科,不拘,0,自動控制相關業,日班,0,40000,電機技術人員,高永鑫電機有限公司
電機,高雄市苓雅區,大學,不拘,700,電力機械器材製造修配業,日班,4,37500,上市公司電機產業-配電設備業務助理(高雄),亞力電機股份有限公司
電機,桃園市龜山區,專科,不拘,5,自動控制相關業,日班,0,50000,電機工程師,旭樺電機工程有限公司
電機,台北市松山區,大學,不拘,13,空調水機電工程業,日班,8,46500,電機/機械應用工程師,誥鑫企業有限公司
電機,新北市樹林區,專科,不拘,0,自動控制相關業,日班,1,60000,電機工程師,博鼎工程股份有限公司
電機,新北市板橋區,碩士,不拘,35,自動控制相關業,日班,0,44150,電機學徒,萬鋒電機股份有限公司
電機,台北市松山區,大學,不拘,13,空調水機電工程業,日班,8,46500,電機應用工程師,誥鑫企業有限公司
電機,台南市善化區,大學,不拘,700,電力機械器材製造修配業,日班,0,45000,UPS售服工程師(台南地區),亞力電機股份有限公司
電機,高雄市仁武區,碩士,不拘,110,電腦及其週邊設備製造業,日班,0,34500,電機助理工程師（高雄分公司）,飛峰國際股份有限公司
電機,桃園市龍潭區,大學,不拘,1400,汽車及其零件製造業,夜班,3,39000,品保-文件管理工程師,台全電機股份有限公司
電機,高雄市小港區,專科,不拘,3000,其他運輸工具及零件製造修配業,日班,0,48500,電機工程師,台船_台灣國際造船股份有限公司
電機,桃園市楊梅區,專科,不拘,400,陶瓷製品製造業,夜班,2,52000,電機人員,白馬窯業股份有限公司
電機,桃園市龜山區,專科,不拘,12000,被動電子元件製造業,日班,3,41000,研發樣製副工程師(機械/設備背景)@桃園_可配合桃園市青年安薪就業讚方案_01090032,乾坤科技股份有限公司_台達電子集團
電機,新北市新莊區,專科,不拘,700,電力機械器材製造修配業,日班,0,36500,生產技術人員,亞力電機股份有限公司
電機,台南市新市區,碩士,不拘,12,自動控制相關業,日班,0,42000,電機工程師,德春機電有限公司
電機,桃園市觀音區,專科,不拘,230,電力機械器材製造修配業,日班,0,31000,電機技術士,合機電線電纜股份有限公司
電機,台北市南港區,大學,不拘,1600,電力機械器材製造修配業,夜班,0,80000,資深專案經理 PM｜能源與電力應用新產品開發,華城電機股份有限公司
電機,高雄市仁武區,碩士,不拘,110,電腦及其週邊設備製造業,日班,0,39000,電機工程師（高雄分公司）,飛峰國際股份有限公司
電機,宜蘭縣三星鄉,專科,不拘,65,其他機械製造修配業,日班,0,34500,電機技術人員,三升農機科技股份有限公司
電機,桃園市龜山區,專科,不拘,90,塑膠製品製造業,日班,2,42500,設備工程師－電機或機械專長,翊聖企業股份有限公司
電機,台中市南屯區,碩士,不拘,0,自動控制相關業,日班,0,208,電控／電機  工讀生,科程科技有限公司
電機,台南市新市區,專科,不拘,50,其他機械製造修配業,日班,1,43500,電機維修人員,萬丞科技有限公司
電機,新北市樹林區,專科,不拘,0,電力機械器材製造修配業,日班,0,41500,電機技術人員【週休二日，享有年終獎金等等福利】,常舜電機股份有限公司
電機,新北市中和區,專科,不拘,18,綜合商品批發代理業,日班,0,40000,電機維護工程師,顓台實業股份有限公司
電機,台北市南港區,專科,不拘,700,電力機械器材製造修配業,日班,5,31000,[2026年度]研發實習生(南港軟體園區)(亞東電機學生專用),亞力電機股份有限公司
電機,新竹縣竹東鎮,專科,不拘,250,陶瓷製品製造業,夜班,2,39500,HS 新竹 電機技術人員 (工研院斜對面 近新竹),中國製釉股份有限公司
電機,高雄市鼓山區,碩士,不拘,0,百貨相關業,日班,4,35500,電機工程師/儲備幹部(需輪班),義享樂國際股份有限公司
電機,高雄市前鎮區,碩士,不拘,22,空調水機電工程業,日班,0,2750000,電機技師,典輝機電工程股份有限公司
電機,桃園市楊梅區,專科,不拘,700,電力機械器材製造修配業,日班,0,40500,上市公司總務部技術人員,亞力電機股份有限公司
電機,台中市南屯區,大學,不拘,400,土木工程業,日班,6,48000,電機助理工程師,黎明工程顧問股份有限公司
電機,彰化縣員林市,碩士,不拘,100,醫院,日班,0,50000,全端軟體工程師(正職/專案可),敦仁精神專科醫院_敦仁醫院
電機,高雄市小港區,碩士,不拘,170,其他運輸輔助業,日班,0,42500,電機技術員(高雄),東森國際股份有限公司
電機,桃園市龍潭區,大學,不拘,1400,汽車及其零件製造業,夜班,3,41500,製三-SMT生技工程師,台全電機股份有限公司
電機,高雄市燕巢區,大學,不拘,2800,鋼鐵基本工業,日班,0,37600,總部採購管理師(電機類*),燁聯鋼鐵股份有限公司
電機,新北市新莊區,專科,不拘,700,電力機械器材製造修配業,日班,3,35500,電機電子應用設計工程師(新莊廠電子部),亞力電機股份有限公司
電機,宜蘭縣五結鄉,高中職,不拘,50,其他相關製造業,日班,0,37000,電機學徒,明泰精密機械有限公司
電機,新北市板橋區,碩士,不拘,35,自動控制相關業,日班,0,51400,電機工程師,萬鋒電機股份有限公司
電機,桃園市楊梅區,專科,不拘,700,電力機械器材製造修配業,日班,1,34000,上市公司電機產業-生管倉管人員,亞力電機股份有限公司
電機,新北市樹林區,專科,不拘,10,電力機械器材製造修配業,日班,0,35000,電機技術員,民昇電業有限公司
電機,桃園市大園區,碩士,不拘,4000,電力機械器材製造修配業,夜班,3,52500,【ESE】桃園機場第三航廈工程案-機電工程師,士林電機廠股份有限公司
電機,台北市南港區,大學,不拘,1600,電力機械器材製造修配業,夜班,3,45000,工程專案管理師(南港),華城電機股份有限公司
電機,高雄市仁武區,專科,不拘,30,電力機械器材製造修配業,日班,0,38500,電機助理工程師(須配合出差),艾力克電機股份有限公司
電機,台北市中山區,碩士,不拘,25,自動控制相關業,日班,0,40000,自動控制電機工程師,麒竤科技股份有限公司
電機,高雄市鳥松區,碩士,不拘,30,電力機械器材製造修配業,日班,0,38000,電機工程師,富山電機有限公司
電機,桃園市觀音區,大學,不拘,1600,電力機械器材製造修配業,夜班,0,44000,國外售服工程師(觀二廠),華城電機股份有限公司
電機,彰化縣彰化市,專科,不拘,250,紡織成衣業,夜班,0,42500,電機維修人員,延陵實業股份有限公司
電機,台南市新市區,專科,不拘,50,其他機械製造修配業,日班,0,41500,電機人員,萬丞科技有限公司
電機,台南市安南區,碩士,不拘,50,食品什貨批發業,日班,0,36500,電器設備維修人員/學徒可（台南區）,米可可有限公司
電機,台中市后里區,碩士,不拘,4000,電力機械器材製造修配業,夜班,0,65000,【ES】儲能工程案_課級主管 (台中地區),士林電機廠股份有限公司
電機,高雄市小港區,碩士,不拘,0,空調水機電工程業,日班,0,33000,電機技術人員,鋒基企業有限公司
電機,高雄市前鎮區,碩士,不拘,30,電力機械器材製造修配業,夜班,8,42500,【國際貿易業務助理】富國電機,富國電機股份有限公司
電機,新北市淡水區,碩士,不拘,67,化學原料製造業,日班,0,525000,電機人員,台灣菊水膠帶股份有限公司
電機,新北市樹林區,專科,不拘,3,自動控制相關業,日班,4,36500,電機工程師,興欣科技有限公司
電機,台北市大安區,碩士,不拘,20,電力供應業,日班,5,90000,工程師（電機工程）,中佳電力事業股份有限公司
電機,台南市安南區,專科,不拘,0,空調水機電工程業,日班,5,29500,電機技術人員,冠勝發機電有限公司
電機,台南市北區,大學,不拘,4,電力供應業,日班,5,48000,電機工程師,永盛綠能股份有限公司
電機,台中市大雅區,大學,不拘,700,電力機械器材製造修配業,日班,0,42500,UPS售服工程師(台中地區),亞力電機股份有限公司
電機,台中市烏日區,專科,不拘,40,電力機械器材製造修配業,日班,0,34000,電機裝配測試工程師,先捷實業股份有限公司
電機,新北市淡水區,專科,不拘,60,其他電子零組件相關業,日班,0,45000,電機、機械技術人員,義倉精機股份有限公司
電機,高雄市路竹區,碩士,不拘,4000,電力機械器材製造修配業,夜班,0,65000,【ES】儲能工程案_課級主管 (南部地區),士林電機廠股份有限公司
電機,台中市龍井區,專科,不拘,80,電力供應業,日班,0,40000,風力發電機 組立技術員(電機/機械),丹麥商風鐸有限公司台灣分公司
電機,台中市梧棲區,碩士,不拘,50,光學器材製造業,日班,6,35000,電機資材人員,龍翩真空科技股份有限公司
電機,桃園市蘆竹區,碩士,不拘,13,其他金屬相關製造業,日班,0,55000,機械電機人員,巨順機械有限公司
電機,高雄市鳳山區,大學,不拘,30,電力機械器材製造修配業,日班,8,55000,電機工程師/助理工程師(高雄),紐鉑系統股份有限公司
電機,台南市永康區,大學,不拘,0,鍋爐及原動機製造修配業,日班,0,54000,工務 - 鍋爐技術服務工程師,鑫鼎鍋爐實業有限公司
電機,高雄市苓雅區,專科,不拘,700,電力機械器材製造修配業,日班,3,37500,上市公司高雄品保人員,亞力電機股份有限公司
電機,桃園市龜山區,大學,不拘,120,其他機械製造修配業,日班,0,35000,電子電機設計工程師,長岡機電股份有限公司
電機,雲林縣斗六市,大學,不拘,70,其他電力器材製造業,日班,3,45000,廠務主管／電機整合人員,國郁企業股份有限公司
電機,新北市中和區,大學,不拘,42,電力機械器材製造修配業,日班,0,39000,電機工程師-北部地區(無經驗可，相關科系畢),預保科技股份有限公司
電機,彰化縣花壇鄉,大學,不拘,0,電力機械器材製造修配業,日班,0,40500,電機維修人員~擴大營業 高薪誠徵 ~,泛美實業股份有限公司
電機,台南市善化區,碩士,不拘,70,其他機械製造修配業,日班,0,50000,電機工程師,瑞華科技工程有限公司
電機,高雄市前鎮區,專科,不拘,30,電力機械器材製造修配業,夜班,8,42000,【財務會計專員】富國電機,富國電機股份有限公司
電機,桃園市楊梅區,專科,不拘,700,電力機械器材製造修配業,日班,3,35500,上市公司品保辦事員,亞力電機股份有限公司
電機,桃園市大園區,碩士,不拘,4000,電力機械器材製造修配業,夜班,3,52500,【ESE】桃園機場第三航廈工程案-弱電系統工程師,士林電機廠股份有限公司
電機,台北市南港區,大學,不拘,2500,電力機械器材製造修配業,夜班,0,44000,設備業務專員(台北),東元電機股份有限公司
電機,台南市永康區,專科,不拘,0,自動控制相關業,日班,0,35000,電機工程人員,高永鑫電機有限公司
電機,南投縣名間鄉,大學,不拘,320,鋼鐵基本工業,日班,0,45000,電機維修人員,大中鋼鐵股份有限公司
電機,新竹縣湖口鄉,大學,不拘,4000,電力機械器材製造修配業,夜班,3,50000,(AG)車用電裝品研發工程師,士林電機廠股份有限公司
電機,高雄市前鎮區,高中職,不拘,350,空調水機電工程業,日班,0,45000,機電駐點人員_中級電機工程師(高雄過港隧道),大安聯合股份有限公司
電機,台北市南港區,碩士,不拘,2500,電力機械器材製造修配業,夜班,3,38500,柴油發電機組設計工程師,東元電機股份有限公司
電機,桃園市龍潭區,大學,不拘,2500,電力機械器材製造修配業,夜班,2,44000,【龍潭發電廠】太陽能、電力儲能工程運維人員(桃園龍潭),東元電機股份有限公司
電機,高雄市前鎮區,大學,不拘,30,電力機械器材製造修配業,夜班,4,55000,【業務工程師(Sales Engineer)】富國電機,富國電機股份有限公司
電機,桃園市中壢區,專科,不拘,138,航空器及其零件製造修配業,日班,0,42500,電子電機助理工程師,六俊電機儀具股份有限公司
電機,高雄市大寮區,碩士,不拘,200,通用機械設備製造修配業,夜班,3,34000,引擎/發電機維修服務技師(南區),中華機械股份有限公司
電機,桃園市龍潭區,碩士,不拘,13,光電產業,日班,2,54600,電機工程師,日山能源科技有限公司
電機,新竹縣湖口鄉,大學,不拘,4000,電力機械器材製造修配業,夜班,0,39500,【EG】電力設備品管工程師,士林電機廠股份有限公司
電機,台南市南區,專科,不拘,14,光電產業,日班,0,50000,電機配電工程師,風華科技股份有限公司
電機,苗栗縣苗栗市,碩士,不拘,70,其他機械製造修配業,日班,1,37500,電機工程師,恆智重機股份有限公司
電機,桃園市龍潭區,專科,不拘,1400,汽車及其零件製造業,夜班,3,39000,品保-品質分析工程師,台全電機股份有限公司
電機,新北市永和區,專科,不拘,16,電力機械器材製造修配業,日班,4,46000,發電機保養檢修工程師,祐旭有限公司
電機,桃園市中壢區,大學,不拘,39,專用生產機械製造修配業,日班,1,51500,電機工程師,于太股份有限公司
電機,新竹縣湖口鄉,大學,不拘,4000,電力機械器材製造修配業,夜班,0,47000,【EG】電力設備研發工程師,士林電機廠股份有限公司
電機,高雄市三民區,專科,不拘,120,電力機械器材製造修配業,夜班,0,40000,電機工程師（高雄）,眾陽機械製造股份有限公司
電機,桃園市龍潭區,大學,不拘,1400,汽車及其零件製造業,夜班,5,41500,試驗-可靠度工程師(PLC),台全電機股份有限公司
電機,桃園市中壢區,碩士,不拘,2500,電力機械器材製造修配業,夜班,0,250,【計時人員】生產作業員 (中壢),東元電機股份有限公司
電機,台中市大雅區,碩士,不拘,30,電力機械器材製造修配業,日班,0,40000,鋐誠發電機-外勤加油人員,鋐誠科技有限公司
電機,台南市新市區,專科,不拘,36,其他醫療保健服務業,日班,0,45000,電子電機工程師,艾克夏醫療儀器股份有限公司
電機,台南市歸仁區,大學,不拘,30,自動控制相關業,日班,4,47500,燃氣發電機工程服務工程師,亞氫動力股份有限公司
電機,台中市梧棲區,專科,不拘,10000,其他機械製造修配業,夜班,0,45000,*電機修護人員（8小時輪班制),華新麗華股份有限公司
電機,桃園市蘆竹區,碩士,不拘,40,其他金屬相關製造業,日班,0,49000,設備保全電機技術師,台灣特殊金屬股份有限公司
電機,台北市北投區,碩士,不拘,200,通用機械設備製造修配業,夜班,3,35000,引擎/發電機維修服務技師(北區),中華機械股份有限公司
電機,苗栗縣頭份市,碩士,不拘,35,其他機械製造修配業,日班,0,50500,電機工程師/助理工程師,亞克先進科技股份有限公司
電機,桃園市楊梅區,專科,不拘,700,電力機械器材製造修配業,日班,3,35500,上市公司電機產業-品保進料檢驗人員（楊梅電材廠）,亞力電機股份有限公司
電機,新北市樹林區,碩士,不拘,0,電力機械器材製造修配業,日班,2,50000,電機設計工程師【週休二日，享有年終獎金等等福利】,常舜電機股份有限公司
電機,台中市西屯區,大學,不拘,28,綜合商品批發代理業,日班,0,50000,電機/電儀/電控工程師,源達貿易有限公司
電機,台北市士林區,碩士,不拘,4000,電力機械器材製造修配業,夜班,4,50000,【ESE】系統工程處_電氣設計工程師(高壓電力),士林電機廠股份有限公司
電機,台北市中山區,大學,不拘,250,工商顧問服務業,日班,0,44000,專利工程師 (台北) (電機、電子、資工、資科、機械相關),聖島國際專利商標聯合事務所
電機,台北市南港區,碩士,不拘,700,電力機械器材製造修配業,日班,2,43500,上市公司電機產業-現場工程管理工程師,亞力電機股份有限公司
電機,高雄市三民區,大學,不拘,430,建築及工程技術服務業,日班,0,40000,電機設計工程師 (20260408BD400001),中鼎集團_俊鼎機械廠股份有限公司
電機,新北市中和區,碩士,不拘,90,農業及園藝機械製造修配業,日班,2,50000,電機工程師/助理工程師,九品股份有限公司
電機,台中市西屯區,專科,不拘,93,光電產業,日班,4,50000,技術工程師(台中)-半導體手臂技服課,台灣安川電機股份有限公司
電機,新竹縣湖口鄉,專科,不拘,2500,電力機械器材製造修配業,夜班,2,35000,採購專員(湖口),東元電機股份有限公司
電機,台北市中山區,碩士,不拘,15,電力機械器材製造修配業,日班,16,50000,"自動控制 (Automation, IIoT), 電機及儀控工程師 (Electrical and Controls)",日成科技股份有限公司
電機,新北市新莊區,碩士,不拘,75,通用機械設備製造修配業,日班,2,55000,TP.電機/電控工程師,嶸昌機械股份有限公司
電機,台南市善化區,專科,不拘,25,自動控制相關業,日班,0,35000,電機工程師,大暉自動化有限公司
電機,高雄市大寮區,碩士,不拘,0,專用生產機械製造修配業,日班,0,32250,電機維修人員,台灣名博機械有限公司
電機,新北市新莊區,大學,不拘,700,電力機械器材製造修配業,日班,0,47500,電源(助理)工程師(上市公司-新莊廠),亞力電機股份有限公司
電機,新北市八里區,專科,不拘,280,儲配／運輸物流業,夜班,0,42900,電機助理工程師,台北港貨櫃碼頭股份有限公司
電機,新北市新莊區,專科,不拘,700,電力機械器材製造修配業,日班,2,32000,產線生產技術員,亞力電機股份有限公司
電機,台北市北投區,專科,不拘,48,電力機械器材製造修配業,日班,1,40000,機電工程師(北投區)(無經驗可),真禾機電股份有限公司
電機,桃園市龍潭區,大學,不拘,1400,汽車及其零件製造業,夜班,5,41500,採購-策略採購管理師,台全電機股份有限公司
電機,桃園市龍潭區,碩士,不拘,20,管線／管道工程相關業,日班,1,65000,水電、電機監工,吉萊有限公司
電機,桃園市桃園區,碩士,不拘,20,建築及工程技術服務業,日班,0,43000,電機消防巡檢(桃園公司),大昇消防工程股份有限公司
電機,新北市新莊區,大學,不拘,700,電力機械器材製造修配業,日班,0,36000,電力電子應用工程師,亞力電機股份有限公司
電機,彰化縣彰化市,專科,不拘,35,空調水機電工程業,日班,2,35000,電機工程技術人員,國揚台安電機顧問有限公司
電機,高雄市大樹區,專科,不拘,1900,紙相關製造業,夜班,1,35000,高雄_電機技術員,中華紙漿股份有限公司
電機,台中市北屯區,專科,不拘,10,電子通訊／電腦週邊零售業,日班,4,41000,電機工程師,川訊系統控制有限公司
電機,桃園市龍潭區,大學,不拘,1400,汽車及其零件製造業,夜班,2,41500,會計-會計管理師,台全電機股份有限公司
電機,新北市土城區,高中以下,不拘,30,空調水機電工程業,日班,0,38000,電機技師,銓太機電管理服務有限公司
化工,桃園市觀音區,碩士,不拘,97,塑膠製品製造業,日班,0,180000,"Sales Manager, Semicon(半導體化學品銷售經理)",台灣亨斯邁化學工業股份有限公司
化工,彰化縣線西鄉,專科,不拘,480,化學原料製造業,日班,0,47500,【彰濱廠區】化工助理工程師,勝一化工股份有限公司
化工,桃園市中壢區,碩士,不拘,50,其他化學相關製造業,日班,6,47500,化工化學研發工程師,大格化學工業股份有限公司
化工,高雄市小港區,碩士,不拘,1000,合成樹脂／塑膠及橡膠製造業,日班,0,44500,小港廠-化工工程師,中國石油化學工業開發股份有限公司
化工,高雄市仁武區,碩士,不拘,60,電力機械器材製造修配業,日班,1,60000,化工方法工程師,臺灣熱傳股份有限公司
化工,高雄市永安區,專科,不拘,480,化學原料製造業,日班,0,47500,【高雄永安】品管助理工程師,勝一化工股份有限公司
化工,新竹市,大學,不拘,150,自動控制相關業,夜班,3,50000,[新竹] 化工產品應用工程師,芯動能設備股份有限公司
化工,桃園市觀音區,大學,不拘,200,合成樹脂／塑膠及橡膠製造業,夜班,0,71000,化工背景儲備人才 (工作地點:海外),石梅化學工業股份有限公司
化工,高雄市前鎮區,專科,不拘,5000,化學原料製造業,日班,0,35000,化工操作員,台聚集團_台聚管理顧問股份有限公司
化工,高雄市大社區,碩士,不拘,1000,合成樹脂／塑膠及橡膠製造業,日班,0,41500,大社廠-化工技術員,中國石油化學工業開發股份有限公司
化工,高雄市永安區,專科,不拘,480,化學原料製造業,日班,1,37000,【高雄永安】業務助理,勝一化工股份有限公司
化工,桃園市大園區,專科,不拘,1250,化學原料製造業,夜班,0,39500,一廠區-化工助理工程師,臺灣永光化學工業股份有限公司
化工,桃園市觀音區,專科,不拘,1250,化學原料製造業,夜班,0,39500,二廠區-色料事業-化工製程助理工程師(提供員工宿舍)【歡迎應屆生、僑外生！無經驗可】(有經驗者薪另議；另加營運獎金、輪班津貼、週休二日),臺灣永光化學工業股份有限公司
化工,高雄市楠梓區,碩士,不拘,13,建物裝修及裝潢業,日班,0,38000,職業安全衛生管理人員,普生地室內裝修工程有限公司
化工,桃園市桃園區,高中職,不拘,35,藥品／化妝品及清潔用品零售業,日班,0,50000,【桃園/中壢】高端護膚銷售業務｜高薪可期 × 質感品牌,JYM BEAUTY CO. LTD_珍悅美有限公司
化工,高雄市永安區,大學,不拘,480,化學原料製造業,日班,0,50000,【高雄永安】生產製程工程師/高級工程師,勝一化工股份有限公司
化工,台北市文山區,碩士,不拘,0,其它軟體及網路相關業,日班,0,1600000,Senior Automation Engineer 資深自動化工程師,英屬維京群島商星科有限公司
化工,台中市南屯區,大學,不拘,400,化學原料製造業,日班,0,36500,【台中廠】生產二部-製程助理工程師暨儲備幹部(無經驗可),雙鍵化工股份有限公司
化工,台中市西屯區,大學,不拘,36,精密儀器相關製造業,日班,0,43000,FAE化工製程設備技術服務工程師,利泓科技股份有限公司
化工,高雄市永安區,專科,不拘,480,化學原料製造業,日班,0,47500,【高雄永安】化工助理工程師,勝一化工股份有限公司
化工,台南市安南區,大學,不拘,150,自動控制相關業,夜班,3,50000,[台南] 化工產品應用工程師,芯動能設備股份有限公司
化工,台中市梧棲區,碩士,不拘,680,其他化學相關製造業,夜班,0,42500,化工工程師(台中),台灣肥料股份有限公司
化工,台南市善化區,專科,不拘,400,化學原料製造業,夜班,0,40500,特化助理工程師 (台南善化廠)【四班三輪/彈性化排班】,三福化工股份有限公司
化工,彰化縣線西鄉,專科,不拘,480,化學原料製造業,日班,0,43000,【彰濱廠區】品管助理工程師,勝一化工股份有限公司
化工,台南市善化區,高中職,不拘,400,化學原料製造業,夜班,0,36500,生產助理工程師 (台南善化廠)無經驗可,三福化工股份有限公司
化工,高雄市永安區,碩士,不拘,480,化學原料製造業,日班,0,55000,【高雄永安】有機分析工程師/研究師,勝一化工股份有限公司
化工,高雄市林園區,專科,不拘,5000,化學原料製造業,日班,0,33000,化工操作員(製程)、品管員,台聚集團_台聚管理顧問股份有限公司
化工,高雄市林園區,專科,不拘,300,其他相關製造業,日班,0,33499,品管技術員,南帝化學工業股份有限公司
化工,台北市大安區,專科,不拘,75,建材／傢俱批發業,日班,8,36000,業務助理(暨展間行銷),興立富實業股份有限公司
化工,高雄市林園區,碩士,不拘,220,化學原料製造業,夜班,4,50000,工企化工工程師,聯成化學科技股份有限公司
化工,桃園市平鎮區,大學,不拘,20,化學原料及其製品批發業,日班,2,68500,化學化工製成開發與技術生產工程師,駿康科技有限公司
化工,苗栗縣南庄鄉,高中以下,不拘,200,化學原料及其製品批發業,日班,0,30250,企業代徵-房務⼈員【無經驗可，⽉排休8-10天】,景明化工股份有限公司
化工,桃園市蘆竹區,碩士,不拘,140,化學原料製造業,日班,0,43000,化工化學工程師,廣明實業股份有限公司
化工,苗栗縣頭份市,大學,不拘,700,塑膠製品製造業,日班,4,40000,化工工程師,華夏海灣塑膠股份有限公司
化工,高雄市仁武區,大學,不拘,390,塑膠製品製造業,夜班,3,38000,專案管理師(TPS),三芳化學工業股份有限公司
化工,高雄市永安區,大學,不拘,480,化學原料製造業,日班,0,47000,【高雄永安】儀電(儀表)工程師/助理工程師,勝一化工股份有限公司
化工,新北市淡水區,專科,不拘,13,醫療器材製造業,日班,3,38500,化工生產工程師(醫療器材生產),翰強生物科技股份有限公司
化工,台北市信義區,大學,不拘,20,食品什貨零售業,日班,0,45000,基礎設施 & AI 自動化工程師,瑞迪健康股份有限公司
化工,苗栗縣南庄鄉,高中以下,不拘,200,化學原料及其製品批發業,日班,3,30250,企業代徵-⺠宿暨餐廳櫃台服務⼈員【無經驗可，⽉排休8-10天】,景明化工股份有限公司
化工,苗栗縣頭份市,碩士,不拘,200,化學原料及其製品批發業,日班,3,40000,竹苗區-業務銷售代表,景明化工股份有限公司
化工,台南市柳營區,專科,不拘,400,化學原料製造業,夜班,0,36500,助理工程師_包裝 (台南柳營廠),三福化工股份有限公司
化工,桃園市蘆竹區,大學,不拘,35,其他相關製造業,日班,4,35000,化工方法工程師(經驗不拘),匯能科技股份有限公司
化工,新竹市,大學,不拘,40,光電產業,日班,4,40000,業務助理/管理師,極智光電股份有限公司
化工,彰化縣線西鄉,專科,不拘,480,化學原料製造業,日班,0,43000,【彰濱廠區】助理工程師,勝一化工股份有限公司
化工,新北市永和區,碩士,不拘,0,工商顧問服務業,日班,0,55000,化工材料工程師,天才國際智產權事務所_天擎智產權有限公司
化工,高雄市永安區,專科,不拘,480,化學原料製造業,日班,0,41000,【高雄永安】機械助理工程師,勝一化工股份有限公司
化工,高雄市大社區,大學,不拘,700,合成樹脂／塑膠及橡膠製造業,夜班,0,55000,化工製程輪班工程師,台橡股份有限公司
化工,嘉義市,大學,不拘,20,化學原料及其製品批發業,日班,3,45000,業務專員(嘉義、台南、高雄),弘力化工原料儀器有限公司
化工,高雄市小港區,碩士,不拘,0,塗料／染料及顏料製造業,日班,0,32500,化工技術員,唐榮油漆股份有限公司
化工,屏東縣枋寮鄉,碩士,不拘,20,其他化學相關製造業,日班,0,65000,化工化學工程師(大夜班),三新實業股份有限公司
化工,苗栗縣頭份市,專科,不拘,200,化學原料及其製品批發業,日班,0,31500,物流專員,景明化工股份有限公司
化工,苗栗縣頭份市,碩士,不拘,30,精密儀器相關製造業,日班,3,60000,【環工化工】化工方工設計工程師,環創源科技股份有限公司
化工,新竹縣湖口鄉,專科,不拘,32,化學原料製造業,日班,3,40000,製程/品管工程師,惠豐化工廠股份有限公司
化工,高雄市永安區,大學,不拘,480,化學原料製造業,日班,2,38500,【高雄永安】財務會計人員,勝一化工股份有限公司
化工,雲林縣斗六市,碩士,不拘,135000,鞋類製造業,日班,0,37000,化工工程師/ 助理,豐泰企業股份有限公司
化工,桃園市蘆竹區,大學,不拘,900,藥品製造業,夜班,0,55000,原料藥製造-助理工程師(大學/專科，化工/食品相關科系，無經驗可)(可視訊初試),台耀化學股份有限公司
化工,台北市南港區,碩士,不拘,680,其他化學相關製造業,日班,1,40000,會計人員,台灣肥料股份有限公司
化工,台北市松山區,碩士,不拘,60,網際網路相關業,日班,4,39000,【亞馬遜Amazon】跨境電商歐美營運專員 / 助理,視宇股份有限公司
化工,苗栗縣頭份市,專科,不拘,200,化學原料及其製品批發業,日班,5,41500,財務會計專員(財務相關科系佳),景明化工股份有限公司
化工,台北市士林區,大學,不拘,0,人力仲介代徵,日班,0,46500,桃園以北【全球前五百大外商】水處理技術服務工程師_#需開車! #外勤彈性 #化工/環工 #固定日班/週休六日 #年度調薪_ITS_837,藝珂人事顧問股份有限公司
化工,新北市樹林區,大學,不拘,11671,塑膠製品製造業,日班,0,40745,化工助理工程師(樹林),南亞塑膠工業股份有限公司
化工,高雄市岡山區,大學,不拘,17,化學原料製造業,日班,4,50000,實驗室人員,金頭實業股份有限公司
化工,高雄市林園區,專科,不拘,300,其他相關製造業,日班,0,34500,技術員,南帝化學工業股份有限公司
化工,雲林縣麥寮鄉,碩士,不拘,20,其他機械製造修配業,日班,0,1850,科技/化工/消防/冰水//焊接/配管學徒,鎰昌機械工程有限公司
化工,高雄市林園區,專科,不拘,1000,化學原料製造業,日班,0,42000,【高雄林園廠】製程輪班技術工程師,李長榮化學工業股份有限公司
化工,台南市永康區,碩士,不拘,100,化學原料製造業,日班,4,50000,研發技術人員(具化學、化工、材料、生技背景均可),大世界油墨塗料股份有限公司
化工,雲林縣斗六市,碩士,不拘,1000,合成樹脂／塑膠及橡膠製造業,日班,4,44500,斗六廠-化工工程師,中國石油化學工業開發股份有限公司
化工,台中市豐原區,專科,不拘,300,金屬結構及建築組件製造業,日班,4,100000,製程自動化工程師 (需配合長期出差),元穩實業股份有限公司
化工,桃園市新屋區,專科,不拘,38,半導體製造業,日班,0,40000,化工製程工程師,全達國際股份有限公司
化工,台北市北投區,大學,不拘,0,化學原料及其製品批發業,日班,0,51000,技術銷售工程師-化工材料業,誠運有限公司
化工,台南市柳營區,專科,不拘,400,化學原料製造業,夜班,0,36500,助理工程師_倉管 (台南柳營廠),三福化工股份有限公司
化工,苗栗縣竹南鎮,大學,不拘,200,光電產業,日班,0,36500,化工操作人員-輪班(享久任獎金),達輝光電股份有限公司
化工,台南市官田區,大學,不拘,100,合成樹脂／塑膠及橡膠製造業,日班,0,35500,(官田工業區)現場技術員,優達樹脂化工股份有限公司
化工,高雄市大社區,專科,不拘,1000,化學原料製造業,日班,0,42000,【高雄大社廠】製程輪班技術工程師,李長榮化學工業股份有限公司
化工,台北市南港區,碩士,不拘,200,化學原料及其製品批發業,日班,3,47500,台北新北區-業務銷售代表,景明化工股份有限公司
化工,宜蘭縣五結鄉,碩士,不拘,400,化學原料製造業,日班,3,38000,【宜蘭廠】製程工程師,雙鍵化工股份有限公司
化工,台南市善化區,專科,不拘,400,化學原料製造業,夜班,0,32500,助理研究員_QC分析 (台南善化廠),三福化工股份有限公司
化工,高雄市大社區,專科,不拘,130,化學原料製造業,日班,0,40500,化工操作員(Operator),高雄塑酯化學工業股份有限公司
化工,台中市沙鹿區,大學,不拘,1500,鞋類製造業,夜班,0,36000,化工專員,中良工業股份有限公司
化工,基隆市七堵區,大學,不拘,80,化學原料製造業,日班,2,36000,化工產品業務代表,台灣荒川化學工業股份有限公司
化工,台北市內湖區,專科,不拘,20,醫療器材製造業,夜班,0,35000,【製程部】晚班化工作業員,台灣現用股份有限公司
化工,高雄市仁武區,碩士,不拘,0,光電產業,日班,4,62000,化工研發工程師(上班時間08:30~20:30),勝釩科技股份有限公司
化工,新竹市,碩士,不拘,200,半導體製造業,夜班,3,60000,業務管理師-化工類,樂華科技股份有限公司
化工,高雄市仁武區,大學,不拘,390,塑膠製品製造業,夜班,0,43500,材料研發工程師  (代子公司:立基公司招募),三芳化學工業股份有限公司
化工,桃園市觀音區,專科,不拘,38,化學原料製造業,日班,3,46500,【觀音廠】生產製程工程師,久資化工科技股份有限公司
化工,台北市信義區,碩士,不拘,0,其它軟體及網路相關業,日班,0,55000,生成式 AI 技術核心 / 影音自動化工程師,侍達遊戲藝術有限公司
化工,台北市內湖區,碩士,不拘,50,工商顧問服務業,日班,4,44000,智慧財產權工程師（材料/化學/化工）,長江國際專利商標法律事務所
化工,桃園市觀音區,大學,不拘,1250,化學原料製造業,夜班,0,43500,二廠區-色料事業-化工製程儲備幹部(有經驗者薪另議，另加營運獎金、輪班津貼、週休二日)(提供員工宿舍),臺灣永光化學工業股份有限公司
化工,彰化縣線西鄉,專科,不拘,480,化學原料製造業,日班,0,34000,【彰濱廠區】警衛人員,勝一化工股份有限公司
化工,桃園市觀音區,碩士,不拘,0,環境衛生及污染防治服務業,日班,3,40000,實驗室工程師/研發工程師【新廠徵才 桃園觀音-甲級廢棄物處理廠】,盛豐環保科技股份有限公司
化工,新竹縣竹東鎮,碩士,不拘,6000,其他專業／科學及技術業,夜班,0,220,工研院機械所_材料化工實習生(M500),工研院 _財團法人工業技術研究院
化工,高雄市林園區,大學,不拘,300,其他相關製造業,日班,1,44500,機械工程師,南帝化學工業股份有限公司
化工,高雄市仁武區,專科,不拘,5000,化學原料製造業,日班,4,34000,化工操作員(高雄仁武),台聚集團_台聚管理顧問股份有限公司
化工,印度,大學,不拘,390,塑膠製品製造業,夜班,4,69000,海外行銷業務儲備幹部(印度),三芳化學工業股份有限公司
化工,高雄市小港區,專科,不拘,480,化學原料製造業,日班,0,41000,【高雄洲際】機械助理工程師,勝一化工股份有限公司
化工,高雄市小港區,專科,不拘,5000,化學原料製造業,日班,0,37000,化工操作員(石化油品中心),台聚集團_台聚管理顧問股份有限公司
化工,彰化縣線西鄉,碩士,不拘,50,化學原料及其製品批發業,日班,0,33500,倉管人員(線西),元成化工原料股份有限公司
化工,桃園市楊梅區,大學,不拘,55,汽機車及其零配件用品／批發業,日班,0,41500,研發人員（化工）,黑珍珠國際企業有限公司
化工,桃園市觀音區,碩士,不拘,133,化學原料製造業,日班,0,50000,環安衛管理人員,台界化學工業股份有限公司
化工,新竹縣湖口鄉,專科,不拘,120,化學原料製造業,日班,0,35000,製程助理工程師(一廠),穩好高分子化學工業股份有限公司
化工,高雄市林園區,專科,不拘,5000,化學原料製造業,日班,0,34000,化工操作員(亞聚公司),台聚集團_台聚管理顧問股份有限公司
化工,屏東縣枋寮鄉,碩士,不拘,50,金屬加工用機械製造修配業,日班,3,60000,化工工程師【需配合輪班】,京沅鎢業科技有限公司
化工,新竹縣新豐鄉,專科,不拘,11,自動控制相關業,日班,1,38000,自動化工程師,皇乾企業有限公司
化工,桃園市觀音區,專科,不拘,1250,化學原料製造業,夜班,0,40000,二廠區-醫藥製程助理工程師(薪優無經驗可，每月獎金另計，附設員工宿舍，週休二日),臺灣永光化學工業股份有限公司
化工,台中市西屯區,專科,不拘,48,其他化學相關製造業,日班,0,43000,化工業務人員(台中/彰化/南投),銘曄股份有限公司
化工,高雄市小港區,專科,不拘,0,塗料／染料及顏料製造業,日班,0,32000,實驗室助手(永記造漆相關企業),立新化工股份有限公司
化工,新竹縣新豐鄉,碩士,不拘,180,其他金屬相關製造業,日班,0,56000,化工(廢水)工程師,鼎立金屬包裝股份有限公司
化工,高雄市岡山區,碩士,不拘,34,化學原料製造業,日班,0,37250,實驗室化驗人員,歐科企業股份有限公司
化工,台中市梧棲區,高中職,不拘,50,化學原料及其製品批發業,日班,0,33500,倉管人員(梧棲廠),元成化工原料股份有限公司
化工,桃園市平鎮區,專科,不拘,50,環境衛生及污染防治服務業,日班,0,36500,化驗室分析人員,台灣歐雅實業股份有限公司
化工,高雄市永安區,專科,不拘,480,化學原料製造業,日班,0,41000,【高雄永安】資材助理工程師,勝一化工股份有限公司
化工,高雄市小港區,專科,不拘,480,化學原料製造業,日班,0,47500,【高雄洲際】公用設備助理工程師,勝一化工股份有限公司
化工,台南市東區,專科,不拘,300,其他相關製造業,日班,0,31500,業務助理(台南地區),南帝化學工業股份有限公司
化工,桃園市蘆竹區,大學,不拘,200,化學原料製造業,夜班,3,43000,品保工程師 (需化工/材料/生技等相關科系),義芳化學工業股份有限公司
行銷,台中市太平區,專科,不拘,12,食品什貨零售業,日班,2,60000,中區通路行銷業務,無事嚴選食材有限公司
行銷,新竹市,碩士,不拘,8,運動服務業,日班,0,59000,門店店長,優體運動 Movement+｜新竹器械皮拉提斯_優體運動有限公司
行銷,台北市中正區,專科,不拘,9,廣告行銷公關業,日班,1,40500,專案行銷,台灣群創廣告行銷有限公司
行銷,新北市板橋區,碩士,不拘,150,廣告行銷公關業,夜班,3,40000,行銷主任/副理,遠東集團HAPPY GO_鼎鼎聯合行銷股份有限公司
行銷,台中市西屯區,專科,不拘,12,其它軟體及網路相關業,日班,6,32500,有【行銷魂】的行銷企劃助理【週休二日，底薪3萬-3萬5+獎金另計】,放大數位行銷有限公司
行銷,台北市萬華區,碩士,不拘,10,廣告行銷公關業,夜班,4,45000,醫藥公關行銷副理 (薪45K起/教育訓練完整/升遷管道順暢),醫藥公關_藝曜行銷顧問有限公司
行銷,台中市西屯區,專科,不拘,12,其它軟體及網路相關業,日班,6,37000,有【行銷魂】的行銷企劃【週休二日，底薪3萬2-4萬2+獎金另計】,放大數位行銷有限公司
行銷,新北市新莊區,碩士,不拘,15,綜合商品批發代理業,日班,3,39000,影音行銷企劃,尚羽整合行銷有限公司
行銷,台北市中正區,碩士,不拘,30,廣告行銷公關業,日班,2,48999,行銷企劃專員,汎古數位媒體行銷股份有限公司
行銷,台中市東區,專科,不拘,40,專用生產機械製造修配業,日班,6,37000,行銷企劃,塑懋機械有限公司
行銷,台北市大同區,大學,不拘,25,網際網路相關業,日班,3,34000,電商品牌 行銷企劃助理,昊揚行銷_昊揚顧問股份有限公司
行銷,台北市大安區,碩士,不拘,200,鞋類／布類／服飾品零售業,日班,4,36500,品牌行銷企劃專員,TRAVELER_旅行者股份有限公司
行銷,台北市松山區,碩士,不拘,20,不動產經營業,日班,9,40000,行銷專員,無疆行銷股份有限公司
行銷,台中市大肚區,碩士,不拘,80,餐館業,日班,6,39500,行銷人員,联亭泡菜鍋_聯亭餐飲有限公司
行銷,新竹縣竹北市,專科,不拘,4,廣告行銷公關業,日班,12,40000,行銷管理專員 / 行銷企劃專員（具兩年以上經驗）,拓點科技行銷有限公司
行銷,台北市大安區,專科,不拘,20,廣告行銷公關業,日班,3,33500,體驗行銷 遊戲社群 寵物社群 / 社群行銷專員,原英行銷有限公司
行銷,台北市內湖區,碩士,不拘,60,數位內容產業,日班,3,200,平面設計實習生,任開數位媒體行銷股份有限公司
行銷,台北市松山區,專科,不拘,43,書籍出版業,日班,3,34750,行銷企劃,大塊文化出版股份有限公司
行銷,台北市信義區,碩士,不拘,100,網際網路相關業,日班,3,45000,SEO行銷企劃,偉利科技股份有限公司
行銷,台北市內湖區,碩士,不拘,10,廣告行銷公關業,日班,7,196,數位行銷企劃助理,深視數位行銷股份有限公司
行銷,台中市北區,碩士,不拘,15,廣告行銷公關業,日班,5,66500,短影音行銷業務,穎流行銷有限公司
行銷,桃園市楊梅區,碩士,不拘,40,量販流通相關業,日班,0,39500,甜點品牌行銷人員(月薪34000~45000),華麗熊行銷有限公司
行銷,台北市中山區,專科,不拘,0,廣告行銷公關業,日班,3,33500,活動行銷專案企劃,壹玖玖捌行銷集團_信賴互動行銷有限公司
行銷,新竹縣竹北市,大學,不拘,8,廣告行銷公關業,日班,12,40000,網路行銷企劃,里奧整合行銷有限公司
行銷,新北市新店區,大學,不拘,10,廣告行銷公關業,日班,3,40000,行銷企劃／數位行銷企劃,穿越數位行銷有限公司
行銷,新竹市,大學,不拘,40,廣告行銷公關業,日班,0,40500,行銷企劃/活動企劃,奈克廣告創意行銷有限公司
行銷,台北市中山區,大學,不拘,60,廣告行銷公關業,夜班,6,40000,社群媒體行銷人員(PM),翠克數位行銷有限公司
行銷,台北市大安區,專科,不拘,75,建材／傢俱批發業,日班,11,50000,急徵~行銷企劃,興立富實業股份有限公司
行銷,新竹縣竹北市,大學,不拘,0,建築及工程技術服務業,日班,0,38000,行銷專員,坤謙建設股份有限公司
行銷,新北市三重區,專科,不拘,12,電腦軟體服務業,日班,4,34000,行銷企劃助理｜內容・社群・數位行銷,日日行銷廣告有限公司
行銷,台中市西屯區,專科,不拘,0,食品什貨零售業,日班,2,42500,KOL行銷企劃,食科院國際股份有限公司
行銷,台北市中正區,碩士,不拘,13,網際網路相關業,日班,4,105000,SEO 行銷主管,聚贏有限公司
行銷,台南市北區,碩士,不拘,0,百貨相關業,日班,0,65000,市場銷售人員（培訓制）｜無經驗可｜薪資彈性可日領(台南各區),生活空間有限公司
行銷,新北市汐止區,大學,不拘,130,食品什貨批發業,日班,0,40000,行銷企劃專員,艾澌克企業股份有限公司
行銷,台北市松山區,大學,不拘,20,網際網路相關業,夜班,10,40000,粉多事業部電商專案執行助理,圈粉科技行銷股份有限公司
行銷,新竹縣寶山鄉,專科,不拘,120,半導體製造業,日班,3,33000,行銷助理,微相科技股份有限公司
行銷,台中市北屯區,大學,不拘,30,廣告行銷公關業,日班,0,60000,嶼嶼行銷創意｜徵<行銷副理/經理>,嶼嶼行銷創意股份有限公司
行銷,台北市士林區,專科,不拘,9,農／畜／水產品零售業,日班,23,46000,網路行銷設計,世泓股份有限公司
行銷,台中市西屯區,碩士,不拘,0,廣告行銷公關業,日班,1,50000,行銷企劃人員,米納國際行銷有限公司
行銷,台南市中西區,碩士,不拘,11,廣告行銷公關業,日班,1,41500,社群行銷專員【品牌數位行銷的幕後幫手】- 台南分部,無限創意行銷有限公司
行銷,台北市大安區,碩士,不拘,50,數位內容產業,日班,0,46000,產品行銷企劃（課程／知識產品／電商）【Knowledge Pie! 知識派】,簡訊設計行銷有限公司
行銷,台北市大同區,碩士,不拘,32,電腦軟體服務業,夜班,0,50000,行銷企劃,雲端行動科技股份有限公司
行銷,台北市大同區,專科,不拘,5,其他零售業,日班,5,36500,【FUMBLE台灣】品牌營運企劃 / 品牌數位行銷 - 來自香港的服裝品牌,川夢品牌行銷顧問有限公司
行銷,台北市松山區,大學,不拘,220,藥品／化妝品及清潔用品批發業,日班,5,45000,【行銷部】資深行銷專員,美體小舖 THE BODY SHOP_美雅國際企業股份有限公司
行銷,台北市信義區,大學,不拘,25,工商顧問服務業,日班,7,600000,行銷專員 Marketing Executive,香港商亞洲英富曼會展有限公司台灣分公司
行銷,台中市西區,專科,不拘,0,廣告行銷公關業,日班,0,40000,社群經營行銷,子旭整合行銷有限公司
行銷,新竹縣竹北市,大學,不拘,8,廣告行銷公關業,日班,12,38000,整合行銷企劃,里奧整合行銷有限公司
行銷,台北市內湖區,專科,不拘,40,綜合商品批發代理業,日班,0,47500,品牌行銷企劃,翔盛國際貿易股份有限公司
行銷,台北市中山區,碩士,不拘,12,廣告行銷公關業,夜班,4,38000,【公關行銷部】專案執行 Account Executive,辰蒔創意行銷有限公司
行銷,台北市大同區,專科,不拘,8,食品什貨零售業,日班,3,44000,設計行銷,啡茶時刻股份有限公司
行銷,台北市中山區,碩士,不拘,500,旅遊服務業,夜班,6,50000,【台北總公司】行銷企劃部-資深行銷企劃專員,山富國際旅行社股份有限公司
行銷,台北市大同區,專科,不拘,14,網際網路相關業,日班,3,33500,社群行銷企劃,潮準網路行銷有限公司
行銷,新北市板橋區,碩士,不拘,12,藥品／化妝品及清潔用品批發業,日班,2,35000,行銷助理,JueJing蕨淨森林_八九五國際有限公司
行銷,新北市板橋區,碩士,不拘,0,多媒體傳播相關業,日班,0,40000,行銷企劃,麻瓜數位行銷股份有限公司
行銷,台中市西區,碩士,不拘,9,多媒體傳播相關業,日班,0,36500,品牌社群行銷,豐賦數位影音行銷股份有限公司
行銷,苗栗縣苗栗市,碩士,不拘,0,食品什貨批發業,日班,2,38000,網路行銷,麥易購股份有限公司
行銷,台中市西區,大學,不拘,0,廣告行銷公關業,日班,2,41500,品牌/活動行銷人員,子旭整合行銷有限公司
行銷,台北市內湖區,專科,不拘,80,電腦系統整合服務業,夜班,0,36000,行銷專員,QSAN_廣盛科技股份有限公司
行銷,桃園市中壢區,碩士,不拘,125,寵物相關服務業,日班,0,40000,品牌行銷企劃,八犬國際行銷有限公司
行銷,新北市林口區,碩士,不拘,0,百貨相關業,日班,8,43000,網路行銷企劃專員(週休二日),世豐國際企業有限公司
行銷,桃園市中壢區,碩士,不拘,123,廣告行銷公關業,日班,0,39000,行銷企劃助理,陸卡崴國際整合行銷顧問有限公司
行銷,桃園市蘆竹區,專科,不拘,120,建材／傢俱零售業,夜班,5,36500,行銷專員,德新家具_美嘉家俱有限公司
行銷,台中市西區,碩士,不拘,0,電腦軟體服務業,日班,3,40000,行銷企劃執行 / 活動企劃執行,鉅遊國際整合行銷有限公司
行銷,高雄市鳥松區,碩士,不拘,10,廣告行銷公關業,日班,0,42500,【擴大徵才】數位行銷專員（社群 / KOC 合作）,聚華整合行銷有限公司
行銷,台北市內湖區,碩士,不拘,20,鞋類／布類／服飾品零售業,日班,0,67500,行銷企劃,Dèlain by CJA_僑懿高級訂製服飾有限公司
行銷,南投縣草屯鎮,大學,不拘,46,電力機械器材製造修配業,日班,4,31250,國貿業務助理,久岡油壓工業股份有限公司
行銷,台北市大安區,碩士,不拘,9,其他投資理財相關業,日班,3,38000,電商行銷助理,時喜人文_布衣_多面向投資股份有限公司
行銷,新北市新莊區,大學,不拘,17,電影片發行業,日班,3,48000,電影行銷專員 Marketing Specialist（行銷傳播管理相關科系為佳）,鴻聯國際開發股份有限公司
行銷,台北市南港區,專科,不拘,50,廣告行銷公關業,日班,4,42500,徵求行銷活動企劃,新視紀整合行銷傳播股份有限公司
行銷,台北市大同區,專科,不拘,8,食品什貨零售業,日班,3,46500,網站行銷設計,啡茶時刻股份有限公司
行銷,台北市中山區,碩士,不拘,10,廣告行銷公關業,日班,4,40000,行銷專員,鐵支路有限公司
行銷,台北市中正區,碩士,不拘,30,證券及期貨業,日班,5,60000,數位行銷經理,阿爾發證券投資顧問股份有限公司
行銷,新北市汐止區,大學,不拘,12,電腦系統整合服務業,日班,22,45000,影音行銷專員,宏智科創股份有限公司
行銷,新竹縣竹北市,碩士,不拘,5,工商顧問服務業,日班,2,40000,行銷企劃,睿圖教育科技有限公司
行銷,高雄市三民區,碩士,不拘,10,廣告行銷公關業,日班,1,64750,高雄網路行銷業務(底薪+獎金無上限),嘉優行銷有限公司
行銷,台中市龍井區,大學,不拘,22,土木工程業,日班,11,37500,行銷業務助理,明氏股份有限公司
行銷,台中市太平區,專科,不拘,50,汽車及其零件製造業,夜班,4,33000,行銷助理,富荃工業股份有限公司
行銷,台南市安南區,大學,不拘,0,其他商品批發業,日班,3,38500,行銷客服人員,石意景觀石材有限公司
行銷,台北市松山區,碩士,不拘,30,鞋類／布類／服飾品零售業,日班,10,42500,活動行銷策劃,VAST/ VCE/ WET_三原有限公司
行銷,台北市松山區,大學,不拘,200,電腦及其週邊設備製造業,日班,0,41500,行銷企劃,宜誠資訊股份有限公司
行銷,新北市新店區,大學,不拘,8,綜合商品批發代理業,日班,8,44000,行銷企劃,靚陽國際有限公司
行銷,台北市松山區,碩士,不拘,13,其它軟體及網路相關業,日班,0,30000,整合行銷開發專員  （ Integrated Marketing Sales Specialist）,點實整合媒體行銷有限公司
行銷,台南市東區,碩士,不拘,12,廣告行銷公關業,日班,4,34500,行銷企劃,創造廣告整合行銷有限公司
行銷,台北市大同區,專科,不拘,8,食品什貨零售業,日班,3,44000,網路行銷,啡茶時刻股份有限公司
行銷,新北市新莊區,碩士,不拘,11,廣告行銷公關業,日班,1,41500,社群行銷專員【品牌數位行銷的幕後幫手】- 新北總部,無限創意行銷有限公司
行銷,新北市汐止區,專科,不拘,0,廣告行銷公關業,日班,2,38000,短影音行銷企劃,歐映行銷有限公司
行銷,高雄市左營區,高中職,不拘,0,自動控制相關業,日班,4,52500,【高雄】行銷企劃專員,聚飛科技有限公司
行銷,台北市中山區,碩士,不拘,50,休閒服務業,日班,3,50000,【密室逃脫】行銷主管,EnterSpace 密室逃脫_進入空間有限公司
行銷,高雄市仁武區,專科,不拘,50,汽車及其零件製造業,日班,3,33000,行銷助理,精圓科技股份有限公司
行銷,台北市中山區,碩士,不拘,7,其他教育服務業,日班,0,39000,行銷專員,財團法人礦工兒子教育基金會
行銷,台北市中山區,大學,不拘,160,旅遊服務業,日班,0,37500,行銷企劃,旅天下聯合國際旅行社股份有限公司
行銷,台北市中正區,碩士,不拘,30,廣告行銷公關業,日班,3,196,數位媒體行銷企劃助理,汎古數位媒體行銷股份有限公司
行銷,台北市中山區,碩士,不拘,10,綜合商品批發代理業,日班,0,260000,行銷營養師,海蓮產業股份有限公司
行銷,台北市中正區,大學,不拘,12,專門設計相關業,日班,5,45000,品牌行銷專員,BONNSU_狀聲詞有限公司
行銷,新北市淡水區,碩士,不拘,9,廣告行銷公關業,日班,3,35000,品牌行銷專員,絢奕行銷股份有限公司
行銷,桃園市楊梅區,碩士,不拘,40,量販流通相關業,日班,0,36000,韓國保養品品牌行銷助理(月薪32000-40000),華麗熊行銷有限公司
行銷,桃園市中壢區,碩士,不拘,120,其他電信及通訊相關業,日班,5,55000,行銷企劃主管,行動屋_卓賀企業社
行銷,新北市板橋區,大學,不拘,8,運動服務業,日班,5,36500,運動行銷企劃專員,動能策略行銷有限公司
行銷,台北市內湖區,專科,不拘,29,證券及期貨業,夜班,0,37500,行銷助理,安睿宏觀證券投資顧問股份有限公司
行銷,新北市中和區,碩士,不拘,8,綜合商品批發代理業,日班,1,41500,電商行銷人員,寶育國際有限公司
行銷,新北市中和區,碩士,不拘,15,廣告行銷公關業,日班,4,35000,電商行銷企劃,豪萬整合行銷有限公司
行銷,台北市中正區,專科,不拘,9,廣告行銷公關業,日班,0,35000,行銷業務助理,台灣群創廣告行銷有限公司
行銷,台北市中山區,碩士,不拘,9,運動服務業,日班,0,31750,行銷助理,史塔克運動行銷有限公司
行銷,台北市大同區,大學,不拘,25,網際網路相關業,日班,3,35000,實體品牌 行銷企劃專員/助理,昊揚行銷_昊揚顧問股份有限公司
行銷,台中市西區,大學,不拘,0,網際網路相關業,日班,1,45000,行銷文案寫手,昊鑫騰達有限公司
行銷,台北市中山區,碩士,不拘,25,廣告行銷公關業,日班,4,41500,整合行銷專案執行,研創整合行銷顧問有限公司
行銷,台中市南屯區,碩士,不拘,25,其他電子零組件相關業,日班,8,39000,行銷企劃人員,柏叡自動化科技股份有限公司
行銷,台中市北屯區,碩士,不拘,4,藥品／化妝品及清潔用品零售業,日班,8,33000,行銷企劃,安綠雅有限公司
行銷,台北市大同區,專科,不拘,8,食品什貨零售業,日班,3,46500,網路行銷企劃,啡茶時刻股份有限公司
行銷,台北市南港區,碩士,不拘,50,廣告行銷公關業,夜班,0,60000,【3M淨水】市場開發專員,傳揚行銷廣告股份有限公司
行銷,高雄市苓雅區,專科,不拘,20,其他金融及輔助業,日班,0,55000,電話行銷人員,鑫景大有限公司
行銷,台北市中山區,碩士,不拘,10,工商顧問服務業,日班,3,46000,網路行銷專案助理,傲天數位行銷有限公司
行銷,台北市信義區,大學,不拘,20,不動產經營業,日班,5,45000,行銷專員 Marketing Executive,英國首都股份有限公司
行銷,台北市大安區,大學,不拘,15,農藝及園藝業,日班,0,41000,行銷企劃人員,文華國際花苑股份有限公司
行銷,新北市新莊區,碩士,不拘,11,廣告行銷公關業,日班,3,39000,數位行銷專員【KOL / KOC 口碑行銷企劃｜品牌合作與社群擴散】- 新北總部,無限創意行銷有限公司
行銷,台北市內湖區,碩士,不拘,138,其他商品批發業,日班,4,40000,行銷企劃,UCC咖啡_優仕咖啡股份有限公司
行銷,台北市大安區,碩士,不拘,200,廣告行銷公關業,日班,4,41000,【整合行銷】整合行銷專案企劃,中華黃頁_中華黃頁多媒體整合行銷股份有限公司
行銷,台北市松山區,碩士,不拘,34,光電產業,日班,4,45000,行銷企劃專員,橙然能源股份有限公司
行銷,台中市西屯區,大學,不拘,10,其他商品批發業,日班,3,50000,行銷／企劃,眾星數位科技股份有限公司
行銷,台中市西區,碩士,不拘,40,廣告行銷公關業,日班,5,45000,【行銷部】行銷經理(管理職),人人品牌行銷有限公司
行銷,台中市西屯區,大學,不拘,0,食品什貨零售業,日班,0,42500,電商網購行銷企劃人員,食科院國際股份有限公司
行銷,台北市中正區,碩士,不拘,35,其他零售業,日班,6,95000,【挑戰百萬年薪】商品行銷專案經理 Project Manager｜電商 × 募資全案操盤,東朱數位行銷有限公司
業務,台北市中正區,碩士,不拘,15,文教／育樂用品零售業,日班,0,35500,國內業務人員,水牛車文化事業有限公司
業務,彰化縣彰化市,碩士,不拘,8,汽機車及其零配件用品／批發業,日班,4,47000,歐美業務,嘉暘貿易實業有限公司
業務,台北市南港區,大學,不拘,0,網際網路相關業,日班,0,38500,業務專員,歐付寶電子支付股份有限公司
業務,新北市新莊區,碩士,不拘,20,塑膠製品製造業,日班,4,40000,業務,福昌材料科技股份有限公司
業務,彰化縣社頭鄉,碩士,不拘,0,紙相關製造業,日班,0,35000,業務,聯一紙器有限公司
業務,台北市信義區,大學,不拘,30,電腦軟體服務業,日班,5,32000,業務專員,勢流科技股份有限公司
業務,新北市三重區,碩士,不拘,3,食品什貨批發業,日班,3,32500,業務助理,經邦國際股份有限公司
業務,台中市烏日區,碩士,不拘,0,金屬手工具製造業,日班,1,43000,業務,豪紳精密工業有限公司
業務,台北市松山區,碩士,不拘,10,醫療器材製造業,日班,3,90000,業務主管,賦活生醫醫材有限公司
業務,台北市大同區,大學,不拘,5,機械器具批發業,日班,7,60000,業務人員,台灣英和電子股份有限公司
業務,桃園市八德區,高中職,不拘,20,電腦軟體服務業,日班,8,33000,業務人員,彩虹小馬工作室
業務,新北市新莊區,碩士,不拘,30,自動控制相關業,日班,4,50000,業務,華盛工業股份有限公司
業務,新北市三重區,專科,不拘,7,家庭電器／設備及用品批發業,日班,5,38000,業務,宏得利貿易有限公司
業務,新北市板橋區,碩士,不拘,38,綜合商品批發代理業,日班,1,36500,業務助理,富智通訊科技有限公司
業務,桃園市桃園區,碩士,不拘,300,資料儲存媒體製造及複製業,日班,0,35000,業務助理,台灣艾華電子工業股份有限公司
業務,新北市三重區,碩士,不拘,55,家事服務業,日班,0,90000,業務人員,快潔見有限公司
業務,桃園市龜山區,碩士,不拘,40,其他印刷輔助業,日班,0,48000,業務,圖來速數位影像有限公司
業務,新竹縣竹北市,大學,不拘,7,其他半導體相關業,日班,4,41500,業務工程師,研展科技股份有限公司
業務,新北市三重區,專科,不拘,20,照明設備製造業,夜班,2,42500,跟單業務,卡斯特實業有限公司
業務,台北市松山區,碩士,不拘,20,其他零售業,日班,0,35000,宅錄/直播/錄音MIDI設備 業務專員 薪資35-42K起,數位通樂器有限公司
業務,新北市樹林區,碩士,不拘,60,其他食品製造業,日班,2,50000,業務人員,府城事業有限公司
業務,台北市中山區,大學,不拘,0,證券及期貨業,日班,4,37500,業務助理,君安證券投資顧問股份有限公司
業務,新北市三重區,大學,不拘,5,精密儀器相關製造業,日班,5,39500,業務專員,台灣諾曼達科技有限公司
業務,台北市中山區,碩士,不拘,100,儲配／運輸物流業,日班,3,43500,業務助理,華夏國際股份有限公司
業務,台北市松山區,大學,不拘,60,電腦軟體服務業,日班,4,39000,業務助理,曜祥網技股份有限公司
業務,台中市西屯區,碩士,不拘,0,飲料製造業,日班,0,42500,業務專員,YUN DING FOOD & BEVERAGE_蕓鼎企業股份有限公司
業務,高雄市左營區,碩士,不拘,0,其他金融及輔助業,日班,0,164750,業務人員,吉盛當舖
業務,新北市淡水區,碩士,不拘,0,其他商品批發業,日班,7,29500,業務助理,茂盛實業有限公司
業務,台北市北投區,專科,不拘,10,其他商品批發業,日班,0,40000,業務,昌威國際貿易有限公司
業務,新北市樹林區,專科,不拘,30,金屬加工用機械製造修配業,日班,3,38500,業務助理,翔懋實業股份有限公司
業務,台北市信義區,碩士,不拘,0,綜合商品批發代理業,日班,0,40000,內勤業務,川飛能源股份有限公司
業務,新北市蘆洲區,碩士,不拘,12,藥品／化妝品及清潔用品批發業,日班,4,36000,國內業務,奇潔有限公司
業務,新北市林口區,碩士,不拘,0,百貨相關業,日班,0,69000,北區業務,鍾愛一生床業有限公司
業務,台北市內湖區,專科,不拘,45,網際網路相關業,日班,4,37500,業務助理,朔宇科技股份有限公司
業務,新北市中和區,大學,不拘,65,其他電子零組件相關業,日班,6,37500,業務助理,百星實業股份有限公司
業務,台中市大雅區,專科,不拘,0,其他電子零組件相關業,日班,5,37500,業務助理,DMS_韓商電美世股份有限公司台灣分公司
業務,台南市南區,大學,不拘,14,光電產業,日班,4,40000,業務人員,風華科技股份有限公司
業務,新北市汐止區,專科,不拘,0,檢測技術服務,日班,0,55000,業務代表,倍科檢驗科技有限公司
業務,新北市汐止區,碩士,不拘,0,其他醫療保健服務業,日班,4,30000,業務助理,微杏基因生醫科技有限公司
業務,台中市西屯區,大學,不拘,100,餐館業,日班,6,35000,婚禮企劃業務(底薪+獎金) -【萊特薇庭】,萊特薇庭_新薇股份有限公司
業務,彰化縣芳苑鄉,碩士,不拘,20,其他金屬相關製造業,日班,0,37500,業務助理,鎮鑫工業股份有限公司
業務,新北市中和區,碩士,不拘,45,汽車及其零件製造業,日班,4,37500,業務助理,歐普特光電科技股份有限公司
業務,桃園市桃園區,碩士,不拘,200,人身保險業,日班,0,500000,業務人員,諾億保險經紀人股份有限公司_桃園分行(李柏賢)
業務,台中市南屯區,碩士,不拘,0,其他紡織業,日班,8,41500,業務助理,鉅宸紡織股份有限公司
業務,新北市土城區,專科,不拘,120,其他金屬相關製造業,日班,5,36500,業務助理,振躍精密滑軌股份有限公司
業務,高雄市鼓山區,碩士,不拘,15,診所,日班,3,90000,業務,長佑診所
業務,新北市土城區,碩士,不拘,0,食品什貨零售業,日班,0,43000,業務助理,臻之饌食品有限公司
業務,新北市中和區,專科,不拘,50,消費性電子產品製造業,日班,6,32500,業務助理,上旺科技股份有限公司
業務,新北市新店區,專科,不拘,30,書籍出版業,日班,4,36500,業務助理,常春藤英語_賴世雄智網文教股份有限公司
業務,高雄市左營區,碩士,不拘,30,綜合商品批發代理業,日班,5,36500,業務秘書,瑞滬企業股份有限公司
業務,桃園市蘆竹區,專科,不拘,24,綜合商品批發代理業,日班,5,35000,業務助理,雄牧企業有限公司
業務,台中市西屯區,碩士,不拘,25,其他醫療保健服務業,日班,3,35000,業務助理,禾翔醫藥生技有限公司
業務,新北市中和區,專科,不拘,98,電力機械器材製造修配業,日班,4,36000,業務助理,力科光電股份有限公司
業務,台北市大同區,碩士,不拘,0,人身保險業,日班,0,500000,業務經理,永達保險經紀人股份有限公司_北四之八通訊處(袁凱貞)(永核字第1120809號)
業務,彰化縣芳苑鄉,碩士,不拘,20,塑膠製品製造業,日班,2,31000,業務助理,豐溢綠能材料股份有限公司
業務,台北市內湖區,專科,不拘,22,醫療器材製造業,日班,0,40000,業務助理,聯杏股份有限公司
業務,台北市中山區,大學,不拘,800,銀行業,日班,0,39000,【歡迎應屆畢業生★不限科系】 存匯人員/儲備業務(台北),華泰商業銀行股份有限公司
業務,桃園市桃園區,碩士,不拘,175,停車場業,日班,0,42500,日商Times 【桃竹區業務開發】／無須應酬．底薪＋獎金,台灣普客二四股份有限公司
業務,高雄市前鎮區,專科,不拘,15,化學原料製造業,日班,0,32500,業務助理,浤福翔程氟化學股份有限公司
業務,新竹市,碩士,不拘,20,電子通訊／電腦週邊批發業,日班,12,40000,國內業務,捷邦科技股份有限公司
業務,桃園市蘆竹區,專科,不拘,0,綜合商品批發代理業,日班,2,34000,業務助理,承南國際股份有限公司
業務,新竹市,專科,不拘,0,其他電信及通訊相關業,夜班,3,36500,業務助理,星通資訊股份有限公司
業務,新竹市,專科,不拘,20,其它軟體及網路相關業,日班,9,45000,業務,恩萊特科技股份有限公司
業務,新北市新店區,碩士,不拘,30,其他電子零組件相關業,日班,0,42500,業務人員,賀琪股份有限公司
業務,台北市中正區,碩士,不拘,6,其他金融及輔助業,日班,0,90000,金融業務,曜楷有限公司
業務,新北市中和區,專科,不拘,30,其他電子零組件相關業,日班,5,32500,業務助理,碳索科技股份有限公司
業務,台中市梧棲區,專科,不拘,27,其他相關製造業,日班,7,35000,業務助理,安能複材科技股份有限公司
業務,新北市三重區,碩士,不拘,40,其他紡織製品製造業,日班,4,52500,業務代表,大成刺繡股份有限公司
業務,桃園市龜山區,大學,不拘,30,醫療器材製造業,日班,3,42000,業務助理,新加科技有限公司
業務,台北市內湖區,專科,不拘,12,半導體製造業,日班,0,37500,業務銷售,光茂科技有限公司
業務,台北市內湖區,專科,不拘,0,消費性電子產品製造業,日班,0,57500,業務專員,台灣佰橋科技股份有限公司
業務,新北市汐止區,高中職,不拘,110,其他醫療保健服務業,夜班,3,32500,業務助理,思必瑞特生技股份有限公司
業務,台北市內湖區,碩士,不拘,12,綜合商品批發代理業,日班,0,55000,國內業務,科岩實業股份有限公司
業務,台北市內湖區,大學,不拘,0,網際網路相關業,日班,0,45000,業務人員,聯好實業股份有限公司
業務,台中市西屯區,大學,不拘,200,電力機械器材製造修配業,日班,0,45000,業務專員(台中公司),伸泰國際股份有限公司
業務,台北市信義區,大學,不拘,10,不動產經營業,日班,3,220000,International Sales Manager/Consultant 國際房產經理/顧問,珀昇置業有限公司
業務,高雄市鼓山區,專科,不拘,50,建築工程業,日班,3,35000,業務專員,銳揚建設股份有限公司
業務,彰化縣鹿港鎮,高中以下,不拘,12,化學原料製造業,日班,0,37000,業務助理,晉記科技股份有限公司
業務,新北市中和區,專科,不拘,0,家庭電器／設備及用品批發業,日班,5,50000,業務助理,盛崎股份有限公司
業務,台北市中正區,專科,不拘,30,鞋類／布類／服飾品零售業,夜班,4,36000,業務助理,Glory 21_禾昌國際開發有限公司
業務,台南市關廟區,高中職,不拘,100,食品什貨零售業,日班,3,35000,業務專員,上智食品股份有限公司
業務,高雄市左營區,碩士,不拘,162,精密儀器相關製造業,日班,0,45000,業務專員,巨研科技股份有限公司
業務,新竹縣竹北市,碩士,不拘,20,綜合商品批發代理業,日班,2,42500,業務助理,閎臣衛廚股份有限公司
業務,高雄市三民區,碩士,不拘,0,其他金融及輔助業,日班,0,64750,業務人員,上富當舖
業務,新竹縣新埔鎮,高中職,不拘,10,其他半導體相關業,日班,2,46000,業務專員,史杰威科技股份有限公司
業務,台中市西區,大學,不拘,20,其他醫療保健服務業,日班,5,38500,業務助理,白色牙材股份有限公司
業務,屏東縣屏東市,碩士,不拘,0,其他金融及輔助業,日班,0,64750,業務,上富當舖
業務,新北市中和區,專科,不拘,24,生化科技研發業,日班,3,36500,業務助理,氫元生物科技股份有限公司
業務,彰化縣北斗鎮,大學,不拘,20,家庭電器／設備及用品零售業,日班,0,29500,業務助理,壯格照明科技有限公司
業務,新北市土城區,專科,不拘,800,其他電子零組件相關業,日班,3,38000,業務助理,大興電線電纜股份有限公司
業務,台北市信義區,專科,不拘,120,其它軟體及網路相關業,日班,4,33500,業務助理,諾亞克科技股份有限公司
業務,台北市內湖區,大學,不拘,28,其他半導體相關業,日班,0,40000,品牌業務,協技科技股份有限公司
業務,桃園市桃園區,碩士,不拘,0,空調水機電工程業,日班,2,41500,業務專員,洤安防災工程顧問有限公司
業務,基隆市七堵區,碩士,不拘,0,電子通訊／電腦週邊批發業,日班,1,33000,業務助理,迪恩科技電子有限公司
業務,台北市松山區,碩士,不拘,10,醫療器材製造業,日班,4,41500,業務助理,賦活生醫醫材有限公司
業務,嘉義縣民雄鄉,碩士,不拘,0,醫療器材製造業,日班,3,32250,業務助理,郡昱股份有限公司
業務,新北市五股區,碩士,不拘,3000,消費性電子產品製造業,日班,3,32500,業務助理,松上電子股份有限公司
業務,台中市太平區,大學,不拘,30,通用機械設備製造修配業,日班,0,38500,業務助理,川研有限公司
業務,台北市松山區,碩士,不拘,20,金屬礦業,日班,3,44000,業務助理,元鑫國際股份有限公司
業務,新北市淡水區,碩士,不拘,28,文教／育樂用品批發業,日班,4,34500,業務助理,新格子文創設計有限公司
業務,新北市三重區,大學,不拘,50,醫療器材製造業,夜班,4,35000,業務｜業務助理,翰沃生電科技股份有限公司
業務,高雄市鼓山區,大學,不拘,11,電腦系統整合服務業,日班,4,57500,業務,心統科技有限公司
業務,新北市土城區,專科,不拘,0,機械器具批發業,日班,1,40000,業務助理,微盛機電有限公司
業務,台北市內湖區,大學,不拘,0,食品什貨批發業,日班,3,36500,專業通路業務專員 (外加業務獎金),元寶食品股份有限公司
業務,新北市中和區,專科,不拘,10,印刷業,日班,6,36000,業務助理,上大彩色印刷有限公司
業務,新竹市,大學,不拘,50,其他半導體相關業,日班,9,35000,業務助理,博非科技股份有限公司
業務,台北市大同區,專科,不拘,10,廣告行銷公關業,日班,5,37500,業務助理,黑金剛廣告股份有限公司
業務,台南市永康區,碩士,不拘,0,機械器具批發業,日班,4,32500,業務助理,東榮機電有限公司
業務,台中市南區,碩士,不拘,0,其他金融及輔助業,日班,0,64750,業務人員,宏旺當舖
業務,桃園市蘆竹區,碩士,不拘,450,汽車及其零件製造業,日班,3,32900,業務助理,耿鼎企業股份有限公司
業務,台中市大雅區,不拘,不拘,10,建材／傢俱零售業,日班,0,69000,業務,明琪興業有限公司
業務,台北市內湖區,碩士,不拘,10,電力供應業,日班,3,35000,業務助理,鐵力能源科技股份有限公司
業務,台中市西屯區,碩士,不拘,0,其他金屬相關製造業,日班,3,32000,業務助理,力卡實業有限公司
業務,台北市信義區,專科,不拘,35,電腦軟體服務業,夜班,4,35000,業務助理,天微資訊股份有限公司
業務,新北市新店區,專科,不拘,18,其他電子零組件相關業,日班,0,32500,業務助理,力德電子股份有限公司
業務,新北市泰山區,專科,不拘,20,藥品／化妝品及清潔用品批發業,夜班,3,36000,業務助理,澤汸有限公司
業務,台中市西屯區,專科,不拘,141,環境衛生及污染防治服務業,夜班,4,42500,業務人員,聯純科技股份有限公司
業務,新北市中和區,大學,不拘,50,環境衛生及污染防治服務業,日班,3,38000,業務助理,世界資源亞太股份有限公司
業務,桃園市觀音區,碩士,不拘,0,印刷業,日班,4,40000,業務專員,寶田精密印刷有限公司
業務,台北市中正區,專科,不拘,50,綜合商品批發代理業,日班,4,36500,業務助理,至鴻股份有限公司
業務,新竹縣竹北市,碩士,不拘,15,食品什貨零售業,日班,0,89750,業務,永進米行有限公司
業務,新北市新店區,專科,不拘,0,消費性電子產品製造業,日班,4,40000,業務專員,華興電子工業股份有限公司
業務,台中市潭子區,大學,不拘,30,醫療器材製造業,日班,3,36000,業務助理,台灣艾思特科技股份有限公司
業務,新北市永和區,專科,不拘,0,其他金屬相關製造業,日班,3,38000,業務助理,亮鑫線槽股份有限公司
業務,桃園市桃園區,碩士,不拘,120,綜合商品批發代理業,日班,4,36000,業務助理,福威爾企業股份有限公司
業務,新北市土城區,碩士,不拘,10,其他半導體相關業,日班,0,35000,業務助理,明泰光電股份有限公司
業務,新北市汐止區,碩士,不拘,0,紡織成衣業,日班,4,44000,業務助理,煒立實業股份有限公司
業務,新北市林口區,專科,不拘,30,其他金屬相關製造業,日班,2,37500,業務助理,光淙股份有限公司
業務,台北市中山區,碩士,不拘,25,貨運承攬業,日班,0,53500,業務經理,匯僑國際物流有限公司
業務,彰化縣線西鄉,專科,不拘,260,電力機械器材製造修配業,夜班,4,33000,業務助理,健椿工業股份有限公司
業務,台中市西屯區,大學,不拘,0,其他商品批發業,日班,0,32000,業務助理,翰唐科技股份有限公司
業務,台北市中山區,大學,不拘,5,其他電子零組件相關業,日班,1,50000,業務祕書,匹克電子股份有限公司
業務,高雄市鳳山區,碩士,不拘,0,其他零售業,日班,0,35000,醫療業務,昇飛醫療儀器有限公司
業務,彰化縣埤頭鄉,專科,不拘,140,飲料製造業,日班,2,32500,業務助理,歐典生物科技股份有限公司
業務,苗栗縣通霄鎮,專科,不拘,15,印刷業,日班,2,30000,業務助理,鶴亞實業股份有限公司
業務,台北市大同區,碩士,不拘,20,其他零售業,日班,0,38000,業務專員,久酒企業有限公司
業務,新北市中和區,專科,不拘,35,廣告行銷公關業,夜班,3,33500,業務助理,欣豐設計有限公司
業務,新北市樹林區,碩士,不拘,40,消費性電子產品製造業,日班,4,34000,業務助理,原旻國際科技有限公司
業務,新北市林口區,高中以下,不拘,50,不動產經營業,日班,3,33500,業務秘書,立軒開發建設股份有限公司
業務,新北市泰山區,專科,不拘,30,其他電子零組件相關業,日班,6,36000,業務助理,捷世林科技股份有限公司
業務,台北市內湖區,專科,不拘,159,電腦軟體服務業,日班,2,38000,業務,PAPAGO＿ 研勤科技股份有限公司
業務,新北市鶯歌區,大學,不拘,95,其他食品製造業,日班,5,42500,業務助理,德隆國際事業有限公司
業務,台中市西屯區,專科,不拘,144,其他商品批發業,日班,0,36000,外勤業務,和司特股份有限公司
業務,新北市新莊區,碩士,不拘,30,藥品製造業,日班,3,37500,業務助理,艾瑞生醫股份有限公司
業務,台中市南屯區,碩士,不拘,35,建材／傢俱零售業,日班,4,33000,業務助理,中歆企業有限公司
財務,新竹市,專科,不拘,5,會計服務業,日班,4,30000,會計助理,睿杰聯合會計師事務所
財務,台中市西區,大學,不拘,0,建築工程業,日班,0,48000,高階主管秘書,豐邑建設股份有限公司
財務,台南市官田區,碩士,不拘,40,鋁基本工業,日班,4,35500,財務專員,益業綠能科技股份有限公司
財務,高雄市小港區,碩士,不拘,209,倉儲業,日班,0,42000,財務人員,台灣碼頭服務股份有限公司
財務,台北市大安區,碩士,不拘,11,其它軟體及網路相關業,日班,0,600000,財務人員,穩健科技股份有限公司
財務,台北市松山區,專科,不拘,20,室內設計業,日班,1,41500,財務會計,映印設計有限公司
財務,新竹縣竹北市,碩士,不拘,0,IC設計相關業,日班,1,45000,財務/會計,芯旺股份有限公司
財務,台北市松山區,大學,不拘,32,食品什貨批發業,日班,0,45500,財務會計,世華企業股份有限公司
財務,台南市永康區,碩士,不拘,46,其他機械製造修配業,日班,5,40000,財務會計,凌廣工業股份有限公司
財務,新北市三重區,碩士,不拘,120,電子通訊／電腦週邊零售業,夜班,5,110000,【財務處】財務長(台北),欣亞數位股份有限公司
財務,台北市內湖區,碩士,不拘,11,電腦軟體服務業,日班,0,42000,財務行政,搜咖科技股份有限公司
財務,台北市內湖區,碩士,不拘,200,其他電子零組件相關業,日班,1,80000,財務會計,政久興業股份有限公司
財務,台北市中山區,碩士,不拘,10,其他投資理財相關業,日班,0,70000,財務策劃師,富策國際財富管理顧問有限公司
財務,屏東縣佳冬鄉,大學,不拘,45,環境衛生及污染防治服務業,日班,1,39500,財務專員,大恆資源科技股份有限公司
財務,新竹縣湖口鄉,大學,不拘,3300,社會福利服務業,日班,0,45398,社工員/師-新竹縣身心障礙者服務中心 -第一區,財團法人伊甸社會福利基金會
財務,台北市中正區,碩士,不拘,267,銀行業,日班,0,60000,輸出入銀行國家融資保證中心專案定期契約人員-徵授信經辦,中國輸出入銀行
財務,台中市北區,碩士,不拘,99,環境衛生及污染防治服務業,日班,0,40000,財務專員,宗紀清潔股份有限公司
財務,新北市樹林區,碩士,不拘,86,電力機械器材製造修配業,日班,0,60000,財務經理,三江電機企業股份有限公司
財務,新北市三重區,大學,不拘,0,電腦及其週邊設備製造業,日班,0,37500,財務專員,創捷前瞻科技股份有限公司
財務,新北市林口區,碩士,不拘,0,不動產經營業,日班,0,41500,財務會計/財務出納,青山興業股份有限公司
財務,台中市北屯區,大學,不拘,0,宗教組織,日班,5,60000,財務主管,台中廣天宮
財務,新竹市,大學,不拘,10,網際網路相關業,日班,2,60000,財務會計,區塊證科技股份有限公司
財務,新北市中和區,專科,不拘,29,機械器具批發業,日班,7,32000,財務,可嘉自動化股份有限公司
財務,台北市松山區,大學,不拘,0,政府／民意機關,日班,2,50000,【財務部】財務專員,台灣民眾黨
財務,台南市學甲區,碩士,不拘,25,宗教組織,日班,2,30000,財務組出納人員,財團法人臺灣省臺南縣學甲慈濟宮
財務,苗栗縣後龍鎮,碩士,不拘,38,其他電子零組件相關業,日班,6,36000,財務人員,顯嶸企業有限公司
財務,新北市新莊區,專科,不拘,2100,餐館業,日班,2,70000,路易莎咖啡 總公司- 總帳經副理,路易莎職人咖啡股份有限公司
財務,台北市中山區,專科,不拘,86,電腦系統整合服務業,日班,5,46000,財務人員,喬山工程股份有限公司
財務,雲林縣莿桐鄉,專科,不拘,45,光電產業,日班,6,41500,財務部專員,銓泰環能科技股份有限公司
財務,台北市大安區,大學,不拘,0,文教／育樂用品零售業,日班,4,40500,財務會計,鷲峰出版社有限公司
財務,台北市松山區,碩士,不拘,20,法律服務業,日班,2,40000,財務助理,杰論法律事務所
財務,台北市中山區,碩士,不拘,40,儲配／運輸物流業,日班,0,38500,財務人員,帝諾斯國際股份有限公司
財務,新竹縣湖口鄉,大學,不拘,450,其他半導體相關業,夜班,0,48000,財務人員,恆勁科技股份有限公司
財務,新北市新莊區,碩士,不拘,30,傳直銷相關業,日班,1,40000,財務會計,全球吸引力股份有限公司
財務,新北市中和區,大學,不拘,100,其他半導體相關業,夜班,4,35500,財務助理,丹立電子股份有限公司
財務,台北市松山區,大學,不拘,120,其它軟體及網路相關業,日班,3,42500,財務專員,諾亞克科技股份有限公司
財務,台北市內湖區,專科,不拘,0,電腦系統整合服務業,日班,3,41500,財務會計專員,雲樁科技股份有限公司
財務,新北市新店區,碩士,不拘,6,電腦及其週邊設備製造業,日班,4,40000,財務會計,億晟泓科技股份有限公司
財務,台中市大雅區,專科,不拘,95,金屬加工用機械製造修配業,日班,2,42500,財務會計,大前科技股份有限公司
財務,台北市松山區,碩士,不拘,110,建材／傢俱批發業,日班,3,36000,財務會計專員,弘第企業股份有限公司
財務,新北市新店區,碩士,不拘,84,社會福利服務業,日班,5,41500,財務部專員,財團法人介惠社會福利慈善基金會
財務,台北市中正區,碩士,不拘,0,診所,日班,3,700000,財務,米蘭時尚診所
財務,台中市西屯區,專科,不拘,42,其他機械製造修配業,日班,1,37500,財務助理,城市精密科技股份有限公司
財務,台北市信義區,碩士,不拘,5,電腦軟體服務業,日班,4,50000,財務會計專員,羅賓斯科技股份有限公司
財務,桃園市蘆竹區,專科,不拘,20,綜合商品批發代理業,日班,1,45000,財務會計,鋒尚精密有限公司_職人道
財務,基隆市信義區,碩士,不拘,0,報關業,日班,0,42500,財務人員,萬瑞國際有限公司
財務,台中市西屯區,碩士,不拘,130,電腦軟體服務業,夜班,0,50000,會計專員｜財務中心-財務服務處,采威國際資訊股份有限公司
財務,台北市內湖區,大學,不拘,155,電腦系統整合服務業,夜班,5,36000,財務專員,奇偶科技股份有限公司
財務,台北市內湖區,專科,不拘,0,其他半導體相關業,日班,4,530000,財務助理,台灣奈微光科技股份有限公司
財務,新北市中和區,專科,不拘,40,建築工程業,日班,0,65000,財務,豐信工程股份有限公司
財務,新北市新店區,碩士,不拘,68,其他組織,日班,0,50000,業務部門主管（募款/業務/行銷；部分遠端；彈性上下班）#NGO/環境保護,財團法人自然保育與環境資訊基金會
財務,新北市三重區,大學,不拘,600,電信相關業,日班,0,38000,【總部】稅務會計,傑昇通信_傑升通信股份有限公司
財務,台北市信義區,碩士,不拘,1000,保全樓管相關業,日班,1,37000,財務人員,皇家國際保全股份有限公司
財務,台北市大同區,大學,不拘,80,不動產經營業,日班,0,40000,財務會計,凌群不動產管理顧問有限公司
財務,台北市松山區,專科,不拘,70,廣告行銷公關業,日班,6,45000,財務會計,穿透國際股份有限公司
財務,台南市新化區,碩士,不拘,60,塑膠製品製造業,日班,7,80000,財務長,泳鉅鑫再生塑料股份有限公司
財務,台中市烏日區,碩士,不拘,0,食品什貨批發業,日班,1,48000,財務主管,恬芯有限公司
財務,高雄市苓雅區,碩士,不拘,50,氣體燃料供應業,日班,0,100000,【三地能源】財務長,三地能源股份有限公司
財務,新北市新莊區,碩士,不拘,300,餐館業,日班,0,60000,財務副理,御嵿國際股份有限公司
財務,台南市安南區,碩士,不拘,0,化妝品製造業,日班,0,35000,財務會計,艾卡爾生技股份有限公司
財務,嘉義市,專科,不拘,20,化學原料及其製品批發業,日班,3,33000,財務會計人員,弘力化工原料儀器有限公司
財務,台北市文山區,碩士,不拘,15,電腦軟體服務業,日班,0,75000,財務主管,鯤鵬企業社
財務,新北市永和區,碩士,不拘,60,藝文服務業,日班,2,70000,財務經理,翡冷翠文創事業股份有限公司
財務,桃園市蘆竹區,專科,不拘,100,貨運承攬業,日班,3,37500,財務會計助理,飛斯特運通股份有限公司
財務,台北市大安區,專科,不拘,0,電腦系統整合服務業,日班,0,45000,財務會計專員,太奇智聯股份有限公司
財務,台北市大安區,碩士,不拘,0,餐館業,日班,0,46000,財務會計人員,logy_華傑啡股份有限公司
財務,桃園市大園區,碩士,不拘,20,室內設計業,日班,2,55000,財務專員,上門國際股份有限公司
財務,台北市中山區,大學,不拘,1100,產物保險業,夜班,0,40000,財務人員,泰安產物保險股份有限公司
財務,新北市新莊區,大學,不拘,40,其他電子零組件相關業,日班,1,42500,會計(財務)人員,榮藝科技有限公司
財務,台北市中正區,碩士,不拘,20,網際網路相關業,日班,0,50000,財務會計人員,跨鏈科技股份有限公司
財務,台中市西屯區,專科,不拘,15,自行車及其零件製造業,夜班,2,37500,財務會計人員,英屬開曼群島商泰合複材科技股份有限公司台灣分公司
財務,桃園市大園區,大學,不拘,90,金屬加工用機械製造修配業,日班,4,41500,財務專員,中誠金屬工業股份有限公司
財務,台中市南屯區,碩士,不拘,8,綜合商品批發代理業,日班,0,29500,財務助理,凱洛斯股份有限公司
財務,台北市大同區,碩士,不拘,0,電影片發行業,日班,4,60000,財務特助,GaragePlay_車庫娛樂股份有限公司
財務,台北市中正區,碩士,不拘,0,美容／美體業,日班,0,50000,財務會計,幼態 • 原生美 / 美學體驗館_幼態股份有限公司
財務,新北市五股區,碩士,不拘,30,織布業,日班,1,62500,財務,國梓實業股份有限公司
財務,高雄市左營區,碩士,不拘,200,餐館業,日班,1,33000,財務會計,帕莎蒂娜國際有限公司
財務,台北市信義區,大學,不拘,190,建築工程業,日班,3,37500,財務人員,太子建設開發股份有限公司
財務,新北市新莊區,專科,不拘,7,其他相關製造業,日班,2,37500,財務會計,鴻崴科技股份有限公司
財務,台北市中山區,大學,不拘,630,其他金融及輔助業,夜班,0,40500,財務人員,日盛台駿國際租賃股份有限公司
財務,新北市樹林區,專科,不拘,20,綜合商品批發代理業,日班,4,42000,財務專員,悠麗國際股份有限公司
財務,台北市大安區,碩士,不拘,0,工商顧問服務業,日班,0,100000,財務主管,父工投資股份有限公司
財務,台中市神岡區,專科,不拘,700,自行車及其零件製造業,日班,1,37500,財務專員,台灣微轉股份有限公司
財務,新北市八里區,碩士,不拘,0,儲配／運輸物流業,日班,0,34000,財務,台北港國際物流股份有限公司
財務,新竹縣湖口鄉,大學,不拘,40,其他半導體相關業,日班,1,87000,資深財務主管,衡碁科技股份有限公司
財務,台北市松山區,碩士,不拘,10,貨運承攬業,日班,5,47500,財務出納主任,太空船國際物流股份有限公司
財務,台中市潭子區,專科,不拘,0,其他商品批發業,日班,0,50000,財務人員..,波力環球_薩摩亞商順譽世界企業有限公司台灣分公司
財務,新北市新莊區,碩士,不拘,20,其他電子零組件相關業,日班,4,37500,財務專員,臺龍電子股份有限公司
財務,台北市大安區,大學,不拘,230,不動產經營業,夜班,0,37000,財務部助理,新聯陽機構_新聯陽實業股份有限公司
財務,新北市三重區,碩士,不拘,50,汽機車及其零配件／用品零售業,日班,5,40000,財務會計人員,極佳電通股份有限公司
財務,新竹縣湖口鄉,大學,不拘,480,醫院,日班,3,42400,財務室-財務專員,天主教仁慈醫療財團法人仁慈醫院
會計,新北市中和區,專科,不拘,40,傳直銷相關業,日班,2,41500,會計/專員/主任,日商富地滋股份有限公司台灣分公司
會計,台中市西區,大學,不拘,0,建築工程業,日班,0,48000,高階主管秘書,豐邑建設股份有限公司
會計,台北市內湖區,專科,不拘,50,化學原料製造業,日班,2,60000,主辦會計,思特材料股份有限公司
會計,桃園市八德區,專科,不拘,9,綜合商品批發代理業,日班,5,40000,會計人員,創奕貿易有限公司
會計,新竹市,碩士,不拘,20,汽機車及其零配件／用品零售業,日班,0,42500,會計,老蕭專業車庫有限公司
會計,新竹市,專科,不拘,20,其他電子零組件相關業,日班,0,42500,會計,晟曜科技股份有限公司
會計,台北市大安區,碩士,不拘,0,其他零售業,日班,3,70000,會計主管,匯聚資本股份有限公司
會計,新北市新莊區,高中職,不拘,46,服飾品製造業,日班,0,42500,會計/主辦會計,新名企業股份有限公司
會計,高雄市小港區,碩士,不拘,0,其他相關製造業,日班,0,30000,會計,邑丞科技股份有限公司
會計,台北市中山區,專科,不拘,17,傳直銷相關業,日班,4,56000,會計專員,盛宇環球事業有限公司
會計,新北市三峽區,碩士,不拘,55,航空器及其零件製造修配業,夜班,4,45000,會計專員,敏鈞精密股份有限公司
會計,台北市中山區,碩士,不拘,52,社會福利服務業,日班,1,45000,會計,社團法人中國家庭教育協進會
會計,台北市北投區,大學,不拘,0,社會福利服務業,日班,2,36761,會計,台北市教保人員協會
會計,屏東縣內埔鄉,專科,不拘,40,其他食品製造業,夜班,4,45000,會計,京冠生物科技股份有限公司
會計,台北市內湖區,專科,不拘,50,建材／傢俱批發業,日班,4,36500,會計專員,北大欣股份有限公司
會計,台北市中山區,碩士,不拘,120,不動產經營業,日班,2,38000,會計專員,九天資產管理股份有限公司
會計,桃園市龜山區,碩士,不拘,10,印刷業,日班,0,33500,會計人員,利恆印鐵有限公司
會計,新竹縣竹東鎮,高中職,不拘,20,補習班,日班,0,37000,廚房廚師(新竹縣),私立康寧英語會話補習班
會計,新北市中和區,碩士,不拘,25,半導體製造業,日班,5,35000,會計,特銓股份有限公司
會計,台中市西屯區,碩士,不拘,90,綜合商品批發代理業,日班,2,36500,會計專員,船井生醫股份有限公司
會計,台中市北區,大學,不拘,90,醫院,日班,3,34500,會計人員,維新醫療社團法人台中維新醫院
會計,新北市土城區,碩士,不拘,7,建物裝修及裝潢業,日班,5,38000,會計,可奕昌有限公司
會計,台中市南屯區,專科,不拘,30,鞋類／布類／服飾品零售業,日班,5,50000,主辦會計,satana_聯野國際有限公司
會計,新北市泰山區,專科,不拘,0,綜合商品批發代理業,日班,2,34000,會計,宇強國際有限公司
會計,台北市信義區,碩士,不拘,0,不動產經營業,日班,1,41500,會計人員,德旺開發建設股份有限公司
會計,桃園市蘆竹區,專科,不拘,20,建築工程業,日班,5,50000,會計,工府營造股份有限公司
會計,新竹市,專科,不拘,20,建築工程業,日班,3,50000,財務會計,金鋐建設股份有限公司
會計,桃園市桃園區,碩士,不拘,0,空調水機電工程業,日班,0,62500,主辦會計,偉峻工程股份有限公司
會計,台中市烏日區,大學,不拘,70,綜合商品批發代理業,夜班,3,50000,主辦會計,荷蘭Poll-tex_台灣普特絲有限公司
會計,台北市信義區,專科,不拘,100,其它軟體及網路相關業,日班,0,40500,會計,資旅軟體開發有限公司
會計,台中市烏日區,碩士,不拘,0,食品什貨批發業,日班,0,47500,主辦會計,鼎冠興業有限公司
會計,新北市泰山區,專科,不拘,15,空調水機電工程業,日班,3,40000,主辦會計,大阪友仁科技有限公司
會計,台北市信義區,專科,不拘,10,工商顧問服務業,日班,3,47500,會計出納,承馳股份有限公司
會計,新北市板橋區,專科,不拘,34,建築及工程技術服務業,日班,6,40000,行政會計,行易網科技股份有限公司
會計,桃園市中壢區,高中職,不拘,60,餐館業,日班,0,35000,行政人員,永得有限公司
會計,新竹縣竹北市,專科,不拘,0,生化科技研發業,日班,2,43000,會計,尚寧生物科技股份有限公司竹北分公司
會計,台北市中正區,大學,不拘,102,餐館業,日班,2,41000,會計專員,一特安餐飲股份有限公司
會計,台中市北區,大學,不拘,0,綜合商品批發代理業,日班,3,47500,內勤行政會計,愛樂活家品事業有限公司
會計,高雄市鳳山區,碩士,不拘,7,農／畜／水產品批發業,日班,2,36500,會計人員,人良油坊_人良食品股份有限公司
會計,新北市汐止區,碩士,不拘,0,生化科技研發業,日班,1,50000,會計,拜寧奈米生物科技股份有限公司
會計,南投縣名間鄉,碩士,不拘,25,飲料店業,日班,1,40500,會計人員,百年長順茶業_長順茶業股份有限公司
會計,台中市潭子區,專科,不拘,0,塑膠製品製造業,日班,7,41000,會計員,鎔利興業股份有限公司
會計,台北市松山區,大學,不拘,32,食品什貨批發業,日班,0,45500,財務會計,世華企業股份有限公司
會計,台南市永康區,專科,不拘,0,其他不動產業,日班,2,36000,會計,宏堃建設有限公司
會計,新北市板橋區,專科,不拘,0,電腦軟體服務業,日班,4,40000,會計專員,錢霸科技有限公司
會計,台北市松山區,大學,不拘,13,會計服務業,日班,0,38500,會計,佑誠記帳士事務所
會計,雲林縣虎尾鎮,碩士,不拘,0,建築工程業,日班,2,40000,會計人員,御龍建設股份有限公司
會計,新北市樹林區,碩士,不拘,5,汽機車及其零配件用品／批發業,日班,5,38000,會計,鑫禾國際貿易車業有限公司
會計,台南市東區,碩士,不拘,0,光電產業,日班,8,33000,會計人員,佐信科技有限公司
會計,台南市永康區,碩士,不拘,0,其他醫療保健服務業,日班,7,31250,行政會計,盛利居家有限公司附設臺南巿私立盛利居家長照機構
會計,台中市北屯區,大學,不拘,15,廣告行銷公關業,日班,1,34500,行政會計,景昌壓克力實業有限公司
會計,桃園市龜山區,高中以下,不拘,140,其他食品製造業,日班,0,33000,龜山-會計助理,雙葉食品股份有限公司
會計,台北市中山區,專科,不拘,15,貨運承攬業,日班,0,35000,會計助理,懋盛國際物流有限公司
會計,高雄市鼓山區,碩士,不拘,20,會計服務業,日班,0,30750,會計助理,高騰會計師事務所
會計,台北市大安區,專科,不拘,0,建築工程業,日班,3,40000,會計助理,富品建設股份有限公司
會計,台北市士林區,專科,不拘,10,文教／育樂用品批發業,日班,3,37500,會計人員,福嘉國際有限公司
會計,新竹市,碩士,不拘,0,木竹製品製造業,日班,1,43000,應付會計,瑋豐材料科技股份有限公司
會計,新北市中和區,碩士,不拘,0,電腦及其週邊設備製造業,日班,0,37500,會計人員,彙典科技有限公司
會計,台北市中山區,專科,不拘,20,綜合商品批發代理業,日班,0,32500,會計,凱承企業股份有限公司
會計,台南市南區,碩士,不拘,90,環境衛生及污染防治服務業,日班,6,45000,會計專員,群運環保股份有限公司
會計,桃園市蘆竹區,碩士,不拘,0,航空運輸輔助業,日班,6,40000,主辦會計,小榮蝦科技股份有限公司
會計,彰化縣彰化市,專科,不拘,180,藥品製造業,日班,0,35000,會計,中美兄弟製藥股份有限公司
會計,台南市永康區,專科,不拘,130,醫院,日班,2,32000,會計,璟馨婦幼醫院
會計,新北市汐止區,專科,不拘,180,建築工程業,日班,0,700000,會計員,力泰建設企業股份有限公司
會計,彰化縣線西鄉,專科,不拘,350,金屬家具及裝設品製造業,日班,2,30000,產線行政人員((彰化-線西廠),輝庭企業股份有限公司
會計,新北市板橋區,專科,不拘,40,其他教育服務業,日班,7,41500,會計人員,飛騰伊果國際文化傳媒有限公司
會計,新北市三重區,碩士,不拘,9,其他零售業,日班,0,32500,會計,歐森光電有限公司
會計,台北市大安區,大學,不拘,0,建築工程業,日班,3,950000,會計,寶舖建設股份有限公司
會計,桃園市八德區,高中職,不拘,20,電腦軟體服務業,日班,8,35000,會計行政,彩虹小馬工作室
會計,台北市信義區,碩士,不拘,6,其他相關製造業,日班,3,42500,會計,大翔新能源股份有限公司
會計,新北市三重區,碩士,不拘,200,其他電子零組件相關業,夜班,1,60000,會計專員,璨郁實業有限公司
會計,新北市五股區,專科,不拘,30,其他金屬相關製造業,日班,1,40000,會計人事,唯仲科技股份有限公司
會計,台南市永康區,專科,不拘,0,工商顧問服務業,日班,4,36000,會計,成創永續股份有限公司
會計,台中市南屯區,高中職,不拘,18,化學原料及其製品批發業,日班,5,37000,會計,安鋒實業股份有限公司
會計,台北市內湖區,專科,不拘,120,其他餐飲業,夜班,0,55000,主辦會計,焦糖楓串燒漢方無烟撒粉_焦唐楓餐飲文化股份有限公司
會計,台北市內湖區,碩士,不拘,40,其它軟體及網路相關業,日班,3,42000,會計專員,創曦資訊科技股份有限公司
會計,新北市新店區,大學,不拘,60,塑膠製品製造業,日班,1,55000,主辦會計,亞比斯循環科技股份有限公司
會計,雲林縣虎尾鎮,專科,不拘,40,運動服務業,日班,5,39750,會計人員,普屋健身有限公司
會計,桃園市龜山區,專科,不拘,6,檢測技術服務,日班,0,46000,會計專員,沂樂生活科技股份有限公司
會計,新北市中和區,專科,不拘,65,其他電子零組件相關業,日班,2,37500,會計助理,百星實業股份有限公司
會計,新北市汐止區,專科,不拘,0,藥品／化妝品及清潔用品零售業,夜班,4,50000,會計人員,愷達生醫有限公司
會計,嘉義縣中埔鄉,專科,不拘,16,其他金屬相關製造業,日班,4,33000,會計人員,吉南企業有限公司
會計,台中市大雅區,碩士,不拘,50,塑膠製品製造業,日班,0,36000,會計人員,漢益塑膠實業股份有限公司
會計,台北市中山區,碩士,不拘,0,其他商品批發業,日班,4,50000,會計管理師,晁禾事業股份有限公司
會計,台北市大安區,碩士,不拘,30,建築工程業,日班,0,50000,主辦會計,寶邑建設股份有限公司
會計,台北市內湖區,碩士,不拘,35,檢測技術服務,日班,0,47500,主辦會計,安盛國際驗証股份有限公司
會計,新竹縣竹北市,大學,不拘,150,金屬加工用機械製造修配業,日班,2,43000,會計專員,杉隆工業股份有限公司
會計,台中市西屯區,大學,不拘,40,其他電子零組件相關業,日班,0,46000,會計,立巨電子股份有限公司
會計,桃園市桃園區,碩士,不拘,20,藥品／化妝品及清潔用品批發業,日班,4,45000,主辦會計,宇揚醫藥有限公司
會計,新北市汐止區,大學,不拘,20,醫療器材製造業,日班,7,42500,主辦會計,弘智企業有限公司
會計,台北市信義區,專科,不拘,25,電腦軟體服務業,日班,3,50000,主辦會計,威煦軟體開發有限公司
會計,台北市內湖區,高中職,不拘,20,建材／傢俱零售業,日班,3,45000,會計,世代國際事業股份有限公司
會計,彰化縣線西鄉,大學,不拘,5,綜合商品批發代理業,日班,3,33000,會計人員,巨將五金有限公司
會計,新北市中和區,專科,不拘,20,其他食品製造業,夜班,2,45000,會計人員,富皇食品有限公司
會計,台中市西區,專科,不拘,180,社會福利服務業,日班,5,35000,會計專員,財團法人向上社會福利基金會
會計,新北市三重區,碩士,不拘,10,其他商品批發業,日班,3,39000,會計,銅遠未來股份有限公司
會計,新北市林口區,專科,不拘,0,不動產經營業,日班,0,40000,會計專員,青山興業股份有限公司
會計,新北市泰山區,專科,不拘,0,其他電子零組件相關業,日班,4,33500,會計助理,珅盟科技股份有限公司
會計,新北市中和區,碩士,不拘,20,藥品／化妝品及清潔用品零售業,日班,0,42000,會計專員,電波澎澎有限公司
會計,彰化縣彰化市,專科,不拘,50,鋼鐵基本工業,日班,3,36500,會計專員,耐超鋼品股份有限公司
會計,台中市西屯區,碩士,不拘,0,其他餐飲業,日班,0,36500,會計,大炳國際股份有限公司
會計,新北市永和區,碩士,不拘,30,建築工程業,日班,0,45000,主辦會計,志偉營造股份有限公司
會計,新北市新莊區,專科,不拘,0,電腦及其週邊設備製造業,日班,1,41500,會計助理/會計,文霖科技有限公司
會計,新北市樹林區,專科,不拘,15,百貨相關業,日班,2,36000,會計人員,皓米股份有限公司
會計,台北市中山區,碩士,不拘,18,電腦軟體服務業,日班,0,39500,會計,慧德科技股份有限公司
會計,新北市三重區,碩士,不拘,0,其它軟體及網路相關業,日班,0,48000,會計管理師,維宜科技股份有限公司
會計,台北市中山區,大學,不拘,30,印染整理業,日班,6,42000,主辦會計,瑋霖有限公司
會計,新竹縣湖口鄉,大學,不拘,40,其他半導體相關業,日班,0,41000,會計,衡碁科技股份有限公司
會計,台北市士林區,專科,不拘,130,消費性電子產品製造業,日班,3,41500,會計,無敵科技股份有限公司
會計,台北市中山區,專科,不拘,15,建築及工程技術服務業,日班,4,40000,會計助理／財務會計助理,均泓國際實業有限公司
會計,台北市中山區,碩士,不拘,105,不動產經營業,日班,0,40000,財務會計,璞永建設股份有限公司
會計,新北市新莊區,專科,不拘,20,其他電子零組件相關業,日班,10,52000,主辦會計,兆科科技有限公司
會計,桃園市蘆竹區,碩士,不拘,13,其他金屬相關製造業,日班,1,35000,會計,巨順機械有限公司
會計,台中市北區,碩士,不拘,0,其他商品批發業,日班,2,36000,【財務處】會計專員,天醫國際健康有限公司
會計,桃園市桃園區,專科,不拘,40,消費性電子產品製造業,日班,8,36000,會計人員,金戰神股份有限公司
會計,台中市大雅區,專科,不拘,95,金屬加工用機械製造修配業,日班,2,42500,財務會計,大前科技股份有限公司
會計,台中市西屯區,碩士,不拘,90,綜合商品批發代理業,日班,3,33500,會計助理,船井生醫股份有限公司
會計,苗栗縣後龍鎮,碩士,不拘,0,宗教組織,日班,0,30000,會計人員  ,財團法人苗栗縣山邊媽祖宮
會計,嘉義縣朴子市,碩士,不拘,0,建築工程業,日班,0,37500,會計人員,力弘營造有限公司
會計,台中市清水區,碩士,不拘,0,其他營造業,日班,0,32000,會計,輝都營造股份有限公司
會計,台中市東區,專科,不拘,40,電力機械器材製造修配業,日班,6,37500,會計,世岱工業股份有限公司
會計,新北市深坑區,專科,不拘,120,旅館業,日班,1,32250,會計專員,海灣假日酒店Hione Holiday Hotel_深坑假日飯店股份有限公司
人資,台北市信義區,大學,不拘,3500,不動產經營業,日班,2,56500,【保障6萬x12個月】業務儲備幹部(無經驗可，完整人才培訓計畫)＊B,永慶房產集團_永慶房屋仲介股份有限公司
人資,新北市中和區,碩士,不拘,700,鞋類／布類／服飾品零售業,日班,0,735000,薪酬福利專員_HRSSC Specialist_C&B Function_國際外商機會,黛安芬國際股份有限公司
人資,新北市新店區,專科,不拘,20,其他零售業,日班,1,40000,人力資源管理師 HR,海博有限公司
人資,台北市信義區,大學,不拘,100,電腦軟體服務業,夜班,5,37500,人資專員-Human Resources Specialist,掌中乾坤網路科技股份有限公司
人資,新竹縣竹東鎮,大學,不拘,103,半導體製造業,日班,3,46000,人力資源專員,意德士科技股份有限公司
人資,台北市大安區,碩士,不拘,25,電子通訊／電腦週邊零售業,日班,0,44000,人力資源專員 Human Resources Specialist,麥克愛愛有限公司
人資,台南市仁德區,大學,不拘,270,金屬表面處理及熱處理業,夜班,0,33000,HR人力資源專員,瑞賢實業股份有限公司
人資,桃園市中壢區,碩士,不拘,35,網際網路相關業,日班,2,50000,人力資源專員｜Human Resource｜JV3C ［桃園-中壢］,捷誠國際貿易企業社
人資,新竹市,大學,不拘,435,半導體製造業,日班,3,36000,HR 人力資源管理師,漢民測試系統股份有限公司
人資,台中市南屯區,碩士,不拘,1900,建材／傢俱零售業,夜班,3,36000,台中店-人才與文化部-人力資源專員 HR Specialist,IKEA_宜家家居股份有限公司
人資,新北市板橋區,碩士,不拘,50,診所,日班,0,40000,【新北市板橋區】牙醫人資 牙科人資 人力資源專員 HR,板橋蒔美牙醫診所
人資,台北市信義區,碩士,不拘,0,餐館業,日班,3,47500,人力資源專員/人資主管候補｜直屬總經理｜制度建立與組織發展（餐飲連鎖）,台灣魁力屋國際股份有限公司
人資,新北市五股區,大學,不拘,330,醫療器材製造業,日班,3,38000,人力資源專員,啟鑫科技股份有限公司
人資,桃園市楊梅區,大學,不拘,20,電子通訊／電腦週邊零售業,日班,1,37000,HR人力資源管理師,易禾國際有限公司
人資,新北市五股區,專科,不拘,200,鞋類／布類／服飾品批發業,日班,5,43500,人力資源專員 ( HRBP ) Human Resource Specialist,SHIATZY CHEN_夏姿時尚股份有限公司
人資,台北市中山區,碩士,不拘,20,綜合商品批發代理業,日班,0,45000,BLVCK Paris - 品牌人力資源專員 Human Resources Specialist,大氣有限公司
人資,台北市中山區,碩士,不拘,100,餐館業,夜班,3,57500,人資主管/資深人力資源管理師,薇閣餐旅股份有限公司
人資,台北市大安區,大學,不拘,3500,不動產經營業,日班,4,56500,【保障6萬x12個月】300萬培訓新手變專業，最快1年3個月升店長！(年度旅遊競賽),永慶房產集團_永慶房屋仲介股份有限公司
人資,台北市內湖區,大學,不拘,115,醫療器材製造業,日班,0,45000,【薪酬福利部】薪酬專員/主任,沃醫學股份有限公司
人資,台北市內湖區,碩士,不拘,40,綜合商品批發代理業,夜班,0,47000,人力資源人員HR,上友有限公司
人資,桃園市桃園區,碩士,不拘,1000,飲料製造業,夜班,4,37000,(3個月約聘)人力資源專員_招募,英屬維京群島商太古可口可樂(股)公司台灣分公司
人資,台北市松山區,碩士,不拘,270,旅館業,夜班,0,36000,人資部 人資專員 HR-Human Resources Officer,臺北嘉佩樂酒店_國亨開發股份有限公司敦北分公司
人資,台北市中山區,大學,不拘,300,室內設計業,夜班,3,33000,【總公司】HR人力資源專員/人事行政,三商美福室內裝修股份有限公司
人資,桃園市龍潭區,大學,不拘,30,土木工程業,夜班,4,47500,人力資源專員,澤豐營造有限公司
人資,新北市土城區,碩士,不拘,30,農／畜／水產品批發業,日班,3,40000,營運部-HR人力資源專員,億東有限公司
人資,新竹縣湖口鄉,碩士,不拘,150,食品什貨零售業,日班,5,40000,人資高級專員 Human Resources Advanced Specialist (R7HRDPTPP003),承信國際流通事業股份有限公司
人資,台北市大安區,碩士,不拘,0,人力仲介代徵,日班,4,49000,【Rising 內部職缺】人力資源專員/資深人資專員,瑞星管理顧問股份有限公司
人資,新北市板橋區,專科,不拘,25,電腦軟體服務業,日班,0,50000,【AI 科技核心】HR 人力資源專員/資深專員 (成為打造 AI 團隊的關鍵推手！),睿思智慧股份有限公司
人資,新北市新莊區,碩士,不拘,30,傳直銷相關業,日班,0,40000,人力資源專員,全球吸引力股份有限公司
人資,新北市土城區,大學,不拘,175,汽車及其零件製造業,日班,4,37000,人力資源人員,和泰豐田物料運搬股份有限公司
人資,新北市林口區,大學,不拘,65,綜合商品批發代理業,日班,3,47000,人力資源專員 / 人資管理師,高聖泰國際企業有限公司
人資,桃園市平鎮區,專科,不拘,600,被動電子元件製造業,夜班,4,37000,人力資源管理師,奇力新電子股份有限公司
人資,新北市板橋區,高中以下,不拘,30,廣告行銷公關業,日班,3,38000,人力資源專員,雉羽整合行銷股份有限公司
人資,台北市信義區,碩士,不拘,0,綜合商品批發代理業,日班,3,650000,人資行政管理專員,偉太健康科技有限公司
人資,新北市永和區,大學,不拘,3500,不動產經營業,日班,0,56500,【保障6萬x12個月】，最快1年3個月升店長，高薪由你自己決定！(歡迎轉職/無經驗加入),永慶房產集團_永慶房屋仲介股份有限公司
人資,彰化縣大村鄉,大學,不拘,4200,橡膠製品製造業,日班,0,39000,人資類-人力資源專員,正新橡膠工業股份有限公司
人資,新竹縣湖口鄉,大學,不拘,220,汽車及其零件製造業,夜班,0,36000,人力資源管理師,裕器工業股份有限公司
人資,新竹市,碩士,不拘,609,電腦系統整合服務業,日班,4,37000,高級人力資源專員(新竹)【HR-HE07】,敦陽科技股份有限公司
人資,宜蘭縣宜蘭市,碩士,不拘,45,其他食品製造業,日班,5,39000,人力資源專員,國際大山洋行有限公司
人資,台南市麻豆區,專科,不拘,140,百貨相關業,日班,4,40000,１９２９比得兔寢具｜人力資源管理師,禾和企業有限公司
人資,台北市中山區,專科,不拘,120,旅遊服務業,日班,0,36500,人力資源管理師（HR）,鼎運旅行社有限公司
人資,台北市大安區,碩士,不拘,120,診所,夜班,5,45000,Seoul醫美｜整形醫美診所-人力資源管理師(另有專案獎金),首爾醫美整形_首爾醫美診所
人資,新北市五股區,大學,不拘,170,紡織成衣業,日班,3,35000,台北總公司_人力資源專員,崑洲實業股份有限公司
人資,台北市內湖區,大學,不拘,0,網際網路相關業,夜班,0,215,Human Resource Intern,加拿大商星力達國際有限合夥台灣分支機構
人資,台北市中正區,大學,不拘,0,休閒服務業,日班,3,55000,人力資源管理師HR,展譽企業有限公司
人資,台北市中正區,專科,不拘,0,工商顧問服務業,日班,3,37500,【企業服務部】助理課程規劃師,先行智庫股份有限公司
人資,新竹縣竹北市,碩士,不拘,0,運動服務業,日班,2,40000,人力資源人員,胤耀行銷股份有限公司
人資,台北市松山區,大學,不拘,33,綜合商品批發代理業,日班,3,47500,人力資源專員 / Executive - Human Resource & Administration,薩摩亞商羚邦亞洲有限公司台灣分公司
人資,台北市松山區,碩士,不拘,90,廣告行銷公關業,夜班,0,40000,人資專員 HR Specialist,CAPSULE_卡普索股份有限公司
人資,台北市大安區,大學,不拘,800,旅館業,夜班,4,34000,總部．人資專員_Human Resources Officer,國泰飯店觀光事業_國泰商旅股份有限公司
人資,桃園市大溪區,專科,不拘,288,電力機械器材製造修配業,日班,6,36000,人力資源人員,台灣松下電材股份有限公司
人資,高雄市橋頭區,大學,不拘,1015,其他金屬相關製造業,日班,0,37800,人力資源管理師,中鴻鋼鐵股份有限公司
人資,新竹縣湖口鄉,大學,不拘,70,其他電子零組件相關業,日班,4,40000,【人力資源管理師】｜招募×出勤管理×員工關係,碩通散熱股份有限公司
人資,台北市松山區,大學,不拘,270,旅館業,夜班,0,45000,人資部 人資主任 HR-Human Resources Executive,臺北嘉佩樂酒店_國亨開發股份有限公司敦北分公司
人資,高雄市大寮區,碩士,不拘,6,其他機械製造修配業,日班,2,35000,人力資源專員,一同機電整合有限公司
人資,新北市五股區,大學,不拘,95,金屬表面處理及熱處理業,日班,5,45000,HR人力資源專員,環宇真空科技股份有限公司
人資,台中市北區,碩士,不拘,130,藥品／化妝品及清潔用品零售業,日班,0,30000,CHLOE & GUCCI精品香水-專櫃人員(中部地區),LUXASIA_盧亞股份有限公司
人資,桃園市平鎮區,碩士,不拘,30,食品什貨批發業,日班,3,34000,人力資源人員,百崧食品有限公司
人資,桃園市大園區,碩士,不拘,0,旅館業,日班,4,36000,青埔區 - 人力資源專員 / 管理師,青埔商務旅館顧問股份有限公司
人資,新北市土城區,碩士,不拘,100,其他金融及輔助業,日班,0,37500,人力資源專員,東聯互動股份有限公司
人資,新竹市,專科,不拘,20,建築工程業,日班,0,36000,HR人資專員/人力資源人員,常欣營造股份有限公司
人資,新竹縣湖口鄉,碩士,不拘,208,百貨相關業,日班,0,45000,人力資源管理師,台灣農林股份有限公司
人資,台中市北屯區,專科,不拘,300,文教／育樂用品批發業,日班,2,38000,【熊嗨星樂園】 人事／人力資源專員<北屯東山店>,熊嗨星樂園股份有限公司
人資,台中市南屯區,碩士,不拘,10,光電產業,日班,0,35500,人力資源專員,力智電信股份有限公司經銷事業分公司
人資,新竹縣新豐鄉,大學,不拘,1000,橡膠製品製造業,日班,3,39000,人力資源管理師,南港輪胎股份有限公司
人資,新北市汐止區,專科,不拘,28,其他醫療保健服務業,日班,0,42000,人力資源管理師,晴天長照服務股份有限公司
人資,台北市內湖區,碩士,不拘,30,電子通訊／電腦週邊批發業,日班,0,44000,人力資源管理師,杰拓國際股份有限公司
人資,台中市南屯區,碩士,不拘,50,其他零售業,日班,3,35000,MY管管-人資專員 Human Resources,帝品鴻國際有限公司
人資,苗栗縣苗栗市,大學,不拘,800,醫院,夜班,2,33000,人力資源管理師(招募/員工關係管理/差勤),大千綜合醫院
人資,新北市新莊區,碩士,不拘,0,其他半導體相關業,夜班,5,45000,HR Specialist/人力資源管理師,怡凡得股份有限公司
人資,台北市士林區,專科,不拘,40,綜合商品批發代理業,日班,3,42500,【WOKY台灣保溫杯品牌】人力資源人員 Human Resources,洋承國際股份有限公司
人資,新北市汐止區,碩士,不拘,50,其他半導體相關業,夜班,4,45000,人資行政專員(HR Specialist),臻品科技有限公司
人資,台北市內湖區,專科,不拘,1300,汽機車及其零配件／用品零售業,日班,3,36750,人力資源人員(內湖總公司 管理部 人資訓練組),順益關係企業_順益汽車股份有限公司
人資,南投縣魚池鄉,大學,不拘,250,旅館業,日班,3,37500,人資專員 HR Executive,日月潭力麗溫德姆溫泉酒店_儷京企業股份有限公司
人資,新竹市,大學,不拘,29,土木工程業,日班,4,56000,HR人力資源管理師/人力資源專員,煜拓工程有限公司
人資,台中市西屯區,碩士,不拘,110,化學原料製造業,日班,5,34500,人力資源管理師(台中廠),旭光箔膜科技股份有限公司
人資,台北市中山區,碩士,不拘,1000,產物保險業,夜班,2,40500,【總公司】人力資源專員,和泰產物保險股份有限公司
人資,苗栗縣後龍鎮,碩士,不拘,170,其他食品製造業,日班,3,41000,HR人力資源專員（教育訓練/文管）,臺灣苗栗捲煙廠股份有限公司
人資,新北市板橋區,專科,不拘,10,廣告行銷公關業,日班,0,39000,人力資源專員,千鑫科技股份有限公司
人資,台北市南港區,大學,不拘,18,電腦軟體服務業,日班,3,40000,人資行政專員Human Resources administration,聚典資訊股份有限公司
人資,台中市北區,碩士,不拘,60,建築工程業,日班,0,40000,人力資源管理師/資深人資專員,宮源營造工程股份有限公司
人資,台中市沙鹿區,專科,不拘,30,普通航空業,日班,0,40000,人力資源管理師 Human Resources Specialist (有Full Function HR工作經驗者佳),台灣海力航空股份有限公司
人資,新北市中和區,碩士,不拘,7,藥品／化妝品及清潔用品零售業,日班,4,38000,人資專員/HR,晶鴻生醫國際股份有限公司
人資,桃園市桃園區,碩士,不拘,50,飲料店業,日班,3,40000,人力資源管理師｜HR Generalist,三億茶事業股份有限公司
人資,桃園市龍潭區,大學,不拘,290,化妝品製造業,夜班,5,35000,人資夥伴 (HR Partner),歐萊德國際股份有限公司
人資,台北市大安區,碩士,不拘,50,餐館業,夜班,3,37000,總公司-人力資源專員,紅花鐵板燒_雙印食品有限公司
人資,台中市太平區,大學,不拘,160,塑膠製品製造業,日班,7,37500,人力資源專員,品茂塑膠工業股份有限公司
人資,台中市大雅區,大學,不拘,70,建材／傢俱批發業,日班,3,49000,人力資源管理師（Full Function／熟勞動法規）,九灃興業股份有限公司
人資,新北市新店區,專科,不拘,0,百貨相關業,日班,3,42000,人資專員,知音文創產業股份有限公司
人資,台中市西區,專科,不拘,15,診所,日班,0,35000,人力資源管理師,好康復健科診所
人資,桃園市中壢區,專科,不拘,600,其他餐飲業,夜班,2,33000,(總部)人力資源專員,麥味登、炸鷄大獅、REAL真‧烘焙、涮金鍋、檳城煎蕊_揚秦國際企業股份有限公司
人資,台北市信義區,大學,不拘,600,餐館業,夜班,4,52500,【阿爾法餐飲 | 集團總部 】人力資源專員,阿爾法餐飲股份有限公司
人資,台南市永康區,大學,不拘,850,汽車及其零件製造業,日班,2,35000,G003 人力資源管理師(定期),皇田工業股份有限公司
人資,台北市中山區,大學,不拘,3600,補習班,夜班,0,32500,M011-人力資源專員(招募管理),何嘉仁國際文教團隊_何嘉仁文教事業股份有限公司
人資,新北市土城區,大學,不拘,179,空調水機電工程業,日班,2,38000,人力資源專員(新北土城),永龍企業股份有限公司
人資,台北市信義區,大學,不拘,40,其他零售業,日班,0,37500,人資行政專員｜HR & Admin Specialist,艾克市股份有限公司
人資,新北市汐止區,碩士,不拘,70,綜合商品批發代理業,夜班,3,34000,HR-人資助理,自家股份有限公司
人資,台中市梧棲區,專科,不拘,120,醫療器材製造業,日班,2,31250,人力資源管理師/專員,杏合生醫股份有限公司台中分公司
人資,桃園市龍潭區,專科,不拘,50,農／畜／水產品批發業,日班,0,36000,HR人資專員,大元光鮮有限公司
人資,台南市安定區,碩士,不拘,42,食品什貨批發業,日班,0,40000,«蔚旭WESH總部» HR人資主管,益佳食品有限公司
企劃,台中市東區,專科,不拘,40,專用生產機械製造修配業,日班,6,37000,行銷企劃,塑懋機械有限公司
企劃,新竹縣竹北市,碩士,不拘,5,工商顧問服務業,日班,2,40000,行銷企劃,睿圖教育科技有限公司
企劃,台中市北區,碩士,不拘,15,食品什貨零售業,日班,5,47500,企劃專員,茶好玩有限公司
企劃,台北市大安區,碩士,不拘,8,廣告行銷公關業,日班,0,37500,剪輯企劃,步步升有限公司
企劃,新竹縣湖口鄉,大學,不拘,28,殯葬服務業,日班,10,40000,企劃人員,長生天生命園區_長生天國際事業股份有限公司
企劃,台北市松山區,碩士,不拘,70,廣告行銷公關業,日班,0,40500,文案企劃,奧斯曼數位行銷有限公司
企劃,桃園市中壢區,碩士,不拘,25,藥品／化妝品及清潔用品零售業,日班,0,37500,行銷企劃,汶紳美業有限公司
企劃,台北市信義區,專科,不拘,10,不動產經營業,日班,4,40000,活動企劃,弘鉅廣告股份有限公司
企劃,台北市內湖區,大學,不拘,15,藝文服務業,夜班,2,36000,展覽企劃,尊彩國際藝術有限公司
企劃,高雄市鳳山區,專科,不拘,15,廣告行銷公關業,日班,3,49000,專案企劃,相信創意有限公司
企劃,高雄市三民區,碩士,不拘,25,廣告行銷公關業,日班,3,37500,企劃小編,立麒數位文創有限公司
企劃,桃園市蘆竹區,專科,不拘,10,綜合商品批發代理業,日班,5,44500,行銷企劃,璽德股份有限公司
企劃,新北市新莊區,碩士,不拘,40,廣告行銷公關業,夜班,0,625000,企劃,啟點行銷股份有限公司
企劃,新北市新店區,專科,不拘,5,工商顧問服務業,日班,0,45000,行銷企劃,買多多電商有限公司
企劃,台中市烏日區,碩士,不拘,10,廣告行銷公關業,日班,0,30000,活動企劃,諾曼地創意行銷有限公司
企劃,高雄市岡山區,專科,不拘,30,建材／傢俱零售業,日班,4,40500,行銷企劃,橘家床墊有限公司
企劃,台北市大安區,碩士,不拘,1300,證券及期貨業,日班,0,40500,全方位數位服務專員(中班)(需備證券業務員資格)(數位營運中心)_I00026324,國泰綜合證券股份有限公司
企劃,新竹市,大學,不拘,90,建材／傢俱批發業,日班,3,75000,【軟裝家配師｜新竹】平均7–8萬｜歡迎挑戰高薪｜提供專業培訓,晴天家具有限公司
企劃,新北市新店區,大學,不拘,8,綜合商品批發代理業,日班,8,44000,行銷企劃,靚陽國際有限公司
企劃,新北市中和區,碩士,不拘,0,廣告行銷公關業,日班,5,39000,執行企劃,鉦輝有限公司
企劃,台中市西區,碩士,不拘,6,工商顧問服務業,日班,6,40000,品牌社群企劃,共享生活有限公司
企劃,台中市西區,碩士,不拘,10,專門設計相關業,日班,5,45000,策略企劃,生活起物有限公司
企劃,台北市中山區,專科,不拘,15,社會福利服務業,日班,6,40000,企劃主管,漸凍人協會_中華民國運動神經元疾病病友協會
企劃,台北市內湖區,專科,不拘,80,百貨相關業,日班,3,32500,行銷企劃助理,新各界企業有限公司
企劃,新北市新店區,專科,不拘,5,工商顧問服務業,日班,0,42500,活動企劃,買多多電商有限公司
企劃,台中市西區,專科,不拘,330,書籍出版業,夜班,6,33000,行銷企劃專員(台中),敦煌書局股份有限公司
企劃,桃園市桃園區,大學,不拘,0,室內設計業,夜班,5,2900,行銷企劃,恆星室內裝修設計有限公司
企劃,新北市板橋區,專科,不拘,15,建物裝修及裝潢業,日班,7,600000,行銷企劃,享家空間設計室內裝修有限公司
企劃,高雄市三民區,專科,不拘,0,多媒體傳播相關業,日班,4,40000,行銷企劃,花龍形象整合有限公司
企劃,高雄市鳳山區,碩士,不拘,50,空調水機電工程業,日班,0,37500,行銷企劃,連祥生活科技有限公司
企劃,台中市西屯區,碩士,不拘,15,廣告行銷公關業,日班,3,36000,活動企劃人員,瓦當麥可活動整合股份有限公司
企劃,台北市大安區,專科,不拘,75,建材／傢俱批發業,日班,11,50000,急徵~行銷企劃,興立富實業股份有限公司
企劃,新北市樹林區,碩士,不拘,0,美容／美體業,日班,4,43000,企劃專員,許莉伶國際美容有限公司
企劃,台北市松山區,專科,不拘,43,書籍出版業,日班,3,34750,行銷企劃,大塊文化出版股份有限公司
企劃,新北市五股區,碩士,不拘,10,多媒體傳播相關業,日班,3,44000,企劃編導,哈囉您好有限公司
企劃,台北市松山區,專科,不拘,95,廣告行銷公關業,日班,0,45000,活動企劃(SAE),域動行銷股份有限公司
企劃,台中市西屯區,大學,不拘,10,其他商品批發業,日班,3,50000,行銷／企劃,眾星數位科技股份有限公司
企劃,台中市北屯區,專科,不拘,0,建築工程業,日班,0,32250,社區活動企劃人員,大毅建設股份有限公司
企劃,台北市信義區,專科,不拘,100,鞋類／布類／服飾品零售業,日班,0,36000,精品服飾銷售人員(Simon Rocha-信義遠百A13),喜事集團_双喜國際時尚股份有限公司
企劃,台北市大安區,專科,不拘,20,建材／傢俱批發業,日班,6,38500,社群行銷企劃 / 行銷企劃助理,台灣積木有限公司
企劃,新北市新莊區,碩士,不拘,180,飲料製造業,日班,4,35000,企劃專員,廣吉食品股份有限公司
企劃,台北市內湖區,碩士,不拘,20,鞋類／布類／服飾品零售業,日班,0,67500,行銷企劃,Dèlain by CJA_僑懿高級訂製服飾有限公司
企劃,桃園市中壢區,大學,不拘,10,工商顧問服務業,日班,6,37500,新媒體企劃專員,初二行銷諮詢有限公司
企劃,台中市南區,碩士,不拘,0,網際網路相關業,日班,0,35000,企劃助理,秦創科技有限公司
企劃,台中市烏日區,碩士,不拘,30,其他金屬相關製造業,日班,6,44000,行銷企劃,鎂迪企業股份有限公司
企劃,台中市西區,碩士,不拘,10,餐館業,日班,0,32250,行銷企劃,小麥所日式居酒屋_麥町商行
企劃,台南市學甲區,碩士,不拘,25,宗教組織,日班,2,30000,企劃組管理員,財團法人臺灣省臺南縣學甲慈濟宮
企劃,台北市內湖區,專科,不拘,80,百貨相關業,日班,3,32500,行銷企劃,新各界企業有限公司
企劃,台北市內湖區,大學,不拘,206,其他餐飲業,夜班,5,40000,岩島成行銷企劃,岩島成股份有限公司
企劃,台北市中山區,專科,不拘,0,婚紗服務業,日班,4,52000,企劃人員 Brand & Content Producer,e時尚婚紗攝影_森林婚紗有限公司
企劃,新北市新莊區,專科,不拘,9,機車及其零件製造業,日班,6,40000,社群行銷企劃,Reveno_板揚國際開發股份有限公司
企劃,新北市新莊區,碩士,不拘,15,綜合商品批發代理業,日班,3,39000,影音行銷企劃,尚羽整合行銷有限公司
企劃,台北市內湖區,碩士,不拘,138,其他商品批發業,日班,4,40000,行銷企劃,UCC咖啡_優仕咖啡股份有限公司
企劃,台北市中正區,碩士,不拘,9,室內設計業,日班,0,43000,行銷企劃,續作室內裝修設計工程有限公司
企劃,新北市新店區,碩士,不拘,300,餐館業,日班,0,52500,【總部】品牌行銷專案主任,同賞宴股份有限公司
企劃,桃園市桃園區,專科,不拘,40,補習班,夜班,2,44000,行銷企劃人員,奧斯汀美語_私立總部奧斯汀美語作文短期補習班
企劃,台北市大安區,碩士,不拘,0,其他食品製造業,日班,0,57500,企劃,菓風食品實業有限公司
企劃,高雄市岡山區,碩士,不拘,10,廣告行銷公關業,日班,7,36000,行銷企劃,樂依沐有限公司
企劃,台北市中山區,碩士,不拘,8,廣告行銷公關業,日班,7,35000,行銷企劃,元越有限公司
企劃,台北市大安區,碩士,不拘,5,診所,日班,2,36000,企劃,丰耀診所(籌備處)
企劃,台北市大安區,專科,不拘,6,其他教育服務業,日班,9,38000,行銷企劃,思展數位探索股份有限公司
企劃,嘉義縣太保市,碩士,不拘,0,休閒服務業,日班,4,37000,樂園企劃專員,金獎創意行銷有限公司太保營運處
企劃,新北市板橋區,碩士,不拘,6,多媒體傳播相關業,日班,6,43000,短影音企劃執行,救火隊影像製作有限公司
企劃,台北市大安區,專科,不拘,7,不動產經營業,日班,4,47500,行銷企劃,優潤家股份有限公司
企劃,台北市松山區,大學,不拘,200,電腦及其週邊設備製造業,日班,0,41500,行銷企劃,宜誠資訊股份有限公司
企劃,新竹市,大學,不拘,40,廣告行銷公關業,日班,0,40500,行銷企劃/活動企劃,奈克廣告創意行銷有限公司
企劃,桃園市桃園區,碩士,不拘,40,鞋類／布類／服飾品批發業,日班,3,40000,行銷企劃專員,展翼實業股份有限公司
企劃,台中市西區,專科,不拘,50,職業團體,日班,0,34000,行政企劃人員,YMCA_社團法人台中市基督教青年會
企劃,嘉義市,碩士,不拘,5,印刷業,日班,0,30000,行銷企劃,思惟品牌美學設計
企劃,台北市中正區,專科,不拘,15,網際網路相關業,日班,5,35000,內容企劃,桑河數位科技股份有限公司
企劃,台中市太平區,專科,不拘,12,食品什貨零售業,日班,2,60000,中區通路行銷業務,無事嚴選食材有限公司
企劃,台北市大安區,專科,不拘,30,美容／美體業,日班,10,36000,行銷企劃人員,薇朵漾顧問有限公司
企劃,新北市中和區,大學,不拘,500,電腦軟體服務業,夜班,4,42500,遊戲企劃,宇峻奧汀科技股份有限公司
企劃,台北市中山區,專科,不拘,40,糖果點心製造業,日班,0,41500,OMO行銷企劃,元祖實業股份有限公司
企劃,台北市信義區,碩士,不拘,50,廣告行銷公關業,日班,4,34000,策略企劃部 助理/專員,展逸國際企業股份有限公司
企劃,台中市北屯區,碩士,不拘,30,其他商品批發業,日班,0,35000,行銷企劃,冠宇數位科技股份有限公司
企劃,台北市中山區,專科,不拘,0,專門設計相關業,日班,3,42500,台北所｜企劃文案,同心圓設計有限公司
企劃,台北市大安區,大學,不拘,15,農藝及園藝業,日班,0,41000,行銷企劃人員,文華國際花苑股份有限公司
企劃,新北市板橋區,碩士,不拘,10,其他不動產業,日班,11,40000,社群企劃,共好年代廣告行銷股份有限公司
企劃,台北市中山區,碩士,不拘,1600,人身保險業,日班,0,39000,社群企劃人員_總公司,磊山保險經紀人股份有限公司
企劃,台北市信義區,專科,不拘,30,電腦軟體服務業,日班,3,35000,數位行銷企劃,勢流科技股份有限公司
企劃,台中市西屯區,大學,不拘,30,生化科技研發業,日班,3,44000,行銷企劃專員,英霈斯生物科技有限公司
企劃,台中市南屯區,碩士,不拘,3,其他醫療保健服務業,日班,0,40000,社群企劃,晉博生物科技有限公司
企劃,新竹市,碩士,不拘,3,廣告行銷公關業,夜班,0,38000,美編、企劃人員,想初心有限公司
企劃,台北市內湖區,專科,不拘,10,專門設計相關業,日班,8,38500,行銷企劃,好的開始創意國際有限公司
企劃,台北市大安區,專科,不拘,6,旅遊服務業,日班,4,42500,旅遊行銷企劃,至專假日旅行社股份有限公司
企劃,高雄市苓雅區,碩士,不拘,9,工商顧問服務業,日班,0,40000,網路行銷企劃,智感國際顧問有限公司
企劃,桃園市龍潭區,碩士,不拘,10,藝文服務業,日班,3,38000,企劃專員,洄游創生有限公司
企劃,台北市中山區,大學,不拘,160,旅遊服務業,日班,0,37500,行銷企劃,旅天下聯合國際旅行社股份有限公司
企劃,台北市大安區,專科,不拘,25,廣告行銷公關業,日班,0,35000,企劃執行,普陽廣告股份有限公司
企劃,新北市三重區,碩士,不拘,50,其他餐飲業,日班,5,36000,行銷企劃 人員,特里股份有限公司
企劃,台北市中正區,大學,不拘,400,工商顧問服務業,夜班,1,41500,M1-行銷企劃,財團法人中衛發展中心
企劃,台北市大安區,專科,不拘,10,廣告行銷公關業,日班,0,43500,專案/活動企劃,特智有限公司
企劃,台中市西屯區,專科,不拘,0,食品什貨零售業,日班,2,42500,KOL行銷企劃,食科院國際股份有限公司
企劃,屏東縣屏東市,碩士,不拘,0,數位內容產業,日班,5,35000,專案企劃,階梯影像製作有限公司
企劃,台北市內湖區,大學,不拘,20,書籍出版業,日班,0,36000,行銷企劃,青林國際出版股份有限公司
企劃,台中市北屯區,碩士,不拘,4,藥品／化妝品及清潔用品零售業,日班,8,33000,行銷企劃,安綠雅有限公司
企劃,新北市汐止區,大學,不拘,130,食品什貨批發業,日班,0,40000,行銷企劃專員,艾澌克企業股份有限公司
企劃,台中市烏日區,專科,不拘,0,其他相關製造業,日班,4,42500,品牌企劃人員,慶鑫食品有限公司
企劃,台中市南區,大學,不拘,0,社會福利服務業,日班,4,40500,公共事務部-行銷企劃,社團法人台灣全民食物銀行協會
企劃,台北市中山區,大學,不拘,0,廣告行銷公關業,日班,0,42500,專案企劃,創藝傳媒股份有限公司
企劃,台北市大安區,碩士,不拘,28,數位內容產業,日班,3,35500,活動企劃,智趣王數位科技股份有限公司
企劃,新北市五股區,碩士,不拘,10,其他相關製造業,日班,0,45000,商品企劃,金雀文創有限公司
企劃,台北市中山區,碩士,不拘,150,食品什貨批發業,夜班,5,42500,酒類行銷企劃,酒條通有限公司
企劃,基隆市中正區,碩士,不拘,50,餐館業,日班,4,35000,行銷企劃,大聚休閒管理顧問股份有限公司
企劃,新北市新店區,碩士,不拘,0,診所,日班,0,45000,行銷企劃,101SKIN晶漾診所
企劃,高雄市新興區,碩士,不拘,13,其他商品批發業,日班,2,32500,企劃執行,慧穎生醫股份有限公司
企劃,台北市南港區,碩士,不拘,200,多媒體傳播相關業,夜班,1,45000,AI Solution 媒體企劃,台北數位集團_台北數位廣告股份有限公司
企劃,台北市大同區,碩士,不拘,0,廣告行銷公關業,日班,4,42500,行銷企劃,神策品牌顧問有限公司
企劃,台北市松山區,專科,不拘,30,藥品／化妝品及清潔用品零售業,日班,0,40000,【SAWAA】行銷企劃助理,SAWAA_帝光國際企業有限公司
企劃,台中市北區,碩士,不拘,32,鞋類／布類／服飾品零售業,日班,4,32500,行銷企劃,CAMMADE_天煜服裝有限公司
企劃,台北市信義區,碩士,不拘,100,網際網路相關業,日班,3,45000,SEO行銷企劃,偉利科技股份有限公司
企劃,台北市中正區,碩士,不拘,30,廣告行銷公關業,日班,2,48999,行銷企劃專員,汎古數位媒體行銷股份有限公司
企劃,新北市中和區,專科,不拘,15,廣告行銷公關業,日班,0,34000,活動企劃助理,豪萬整合行銷有限公司
企劃,台北市文山區,專科,不拘,8,專門設計相關業,日班,5,37500,活動企劃人員,風禾創藝有限公司
企劃,台北市中山區,大學,不拘,50,數位內容產業,日班,3,50000,行銷企劃  / Marketing Planner,禾多移動多媒體股份有限公司
企劃,台中市北區,專科,不拘,21,網際網路相關業,日班,4,45000,網站行銷企劃PM,覺醒設計有限公司
企劃,台北市中山區,專科,不拘,9,室內設計業,日班,0,43000,品牌/網路行銷企劃,爾聲空間設計有限公司
企劃,新北市三重區,專科,不拘,70,餐館業,日班,3,40000,【門前隱味】行銷企劃,門前隱味_美無聊商號股份有限公司
企劃,台北市大安區,碩士,不拘,6,廣告行銷公關業,日班,4,32000,文案企劃,王子創意整合行銷有限公司
企劃,新北市中和區,碩士,不拘,15,廣告行銷公關業,日班,0,36500,活動企劃,左右國際股份有限公司
企劃,新竹縣竹北市,碩士,不拘,20,美容／美體業,日班,5,40000,【竹北】行銷企劃專員,杉杏國際有限公司
企劃,新北市蘆洲區,碩士,不拘,4,舞台架設及視聽工程業,日班,4,37500,活動企劃,鉅富創意行銷有限公司
企劃,台中市西區,碩士,不拘,100,建築工程業,夜班,7,39000,企劃專員,東盟營造股份有限公司
企劃,台中市北屯區,碩士,不拘,12,診所,夜班,5,47500,企劃美編,萊賦美學診所
企劃,台中市西屯區,碩士,不拘,80,金屬家具及裝設品製造業,日班,3,37500,行銷企劃人員,天鋼事業股份有限公司
企劃,彰化縣和美鎮,碩士,不拘,151,醫院,日班,7,43500,企劃秘書,道周醫療社團法人道周醫院
企劃,新竹縣竹北市,大學,不拘,8,廣告行銷公關業,日班,12,40000,網路行銷企劃,里奧整合行銷有限公司
企劃,桃園市桃園區,碩士,不拘,0,電腦及其週邊設備製造業,日班,3,40000,數位行銷企劃,墨非三維製造有限公司
企劃,新北市中和區,碩士,不拘,30,消費性電子產品製造業,日班,4,44000,行銷企劃專員,博威電通有限公司
企劃,彰化縣彰化市,碩士,不拘,15,其他食品製造業,日班,1,33500,行銷企劃,歐可茶葉科技有限公司
企劃,台北市松山區,碩士,不拘,50,數位內容產業,夜班,3,60000,企劃編輯主管,捷喜多媒體數位股份有限公司
企劃,台中市西區,碩士,不拘,0,電腦軟體服務業,日班,3,40000,行銷企劃執行 / 活動企劃執行,鉅遊國際整合行銷有限公司
企劃,新北市板橋區,碩士,不拘,10,網際網路相關業,日班,4,42000,網路行銷企劃,吉爾集思數位行銷有限公司
企劃,新北市新莊區,高中以下,不拘,15,綜合商品批發代理業,日班,0,40000,網路企劃專員,尚羽整合行銷有限公司
企劃,台北市大安區,碩士,不拘,8,綜合商品批發代理業,日班,5,47500,品牌行銷企劃專員,潤橙實業有限公司
企劃,新北市中和區,高中職,不拘,20,網際網路相關業,日班,6,57500,行銷企劃經理,佳盛科技有限公司
UI設計,台中市西屯區,專科,不拘,0,其它軟體及網路相關業,日班,2,42500,UI/UX設計師,日新技術有限公司
UI設計,台北市內湖區,碩士,不拘,0,廣告行銷公關業,日班,3,36000,UI設計師,向陽創新設計有限公司
UI設計,台北市松山區,專科,不拘,80,電腦軟體服務業,日班,2,50000,【校園博覽會專區 】初級遊戲UI設計師,彩虹互動科技有限公司
UI設計,台北市松山區,專科,不拘,28,網際網路相關業,夜班,4,52500,Mid-Level ～ Senior UI 設計師,果思設計股份有限公司
UI設計,新北市中和區,大學,不拘,20,網際網路相關業,日班,2,50000,UI設計師,淞泊科技有限公司
UI設計,台中市西區,大學,不拘,0,網際網路相關業,日班,4,47500,UI/UX設計師,昊鑫騰達有限公司
UI設計,台北市信義區,碩士,不拘,60,人力派遣服務,日班,1,75000,遊戲UI設計師（Game UI Artist）,夢幻互娛國際有限公司
UI設計,新北市中和區,碩士,不拘,30,其它軟體及網路相關業,日班,0,38000,【行銷創意部】UI設計師(中和),天晴資訊有限公司
UI設計,台北市內湖區,大學,不拘,14,網際網路相關業,日班,4,40000,UI 設計師 / 網頁設計師  UI Designer / Web Designer,邦迅科技有限公司
UI設計,台中市西屯區,碩士,不拘,40,其它軟體及網路相關業,日班,3,42500,UI/UX設計師,珷琚科技有限公司
UI設計,台中市北屯區,碩士,不拘,30,其他商品批發業,日班,4,38500,APP UI設計師,冠宇數位科技股份有限公司
UI設計,高雄市橋頭區,專科,不拘,60,電腦軟體服務業,夜班,7,29750,UI 設計/前端實習生 (在學）,宥倍實業股份有限公司
UI設計,台北市中山區,碩士,不拘,16,綜合商品批發代理業,夜班,4,45000,UI / UX 設計師,大銀科技股份有限公司
UI設計,台北市內湖區,碩士,不拘,80,電腦軟體服務業,夜班,2,52500,遊戲UI設計師,百阜科技股份有限公司
UI設計,台南市安南區,碩士,不拘,21,網際網路相關業,日班,4,42500,WordPress 網頁設計師（UX / UI 設計師）,艾斯伊歐網路行銷工作室
UI設計,台北市內湖區,碩士,不拘,14,網際網路相關業,日班,3,37500,初階 UI 設計專員   Junior UI Designer,邦迅科技有限公司
UI設計,台北市信義區,碩士,不拘,0,網際網路相關業,日班,4,37500,網頁設計,星至澄資訊有限公司
UI設計,台北市內湖區,碩士,不拘,100,電腦軟體服務業,日班,5,40000,UI/UX產品設計師,翰霖科技資訊股份有限公司
UI設計,高雄市前鎮區,大學,不拘,92,網際網路相關業,日班,1,37500,美術設計師(UI介面設計),智樂堂網路股份有限公司
UI設計,台北市內湖區,碩士,不拘,99,多媒體傳播相關業,夜班,0,44000,UI 美術設計,華義國際數位娛樂股份有限公司
UI設計,台中市西屯區,碩士,不拘,0,電腦系統整合服務業,日班,0,40000,UI/UX設計師,庠菻有限公司(籌備處)
UI設計,台北市松山區,大學,不拘,20,電腦軟體服務業,日班,4,52500,UI美術設計師,昇智科技有限公司
UI設計,台中市北區,碩士,不拘,10,廣告行銷公關業,夜班,4,42000,【台中】網頁設計師,利聚數位行銷有限公司
UI設計,台中市烏日區,碩士,不拘,70,綜合商品批發代理業,夜班,8,40000,網頁視覺設計師 / UI設計師,荷蘭Poll-tex_台灣普特絲有限公司
UI設計,台南市東區,專科,不拘,30,其他教育服務業,夜班,3,37000,平面設計專員,GOSTUDY_世界學人國際文教股份有限公司
UI設計,台中市西屯區,大學,不拘,30,網際網路相關業,日班,0,45000,UIUX網頁設計師,米粉生活科技有限公司
UI設計,台中市西屯區,專科,不拘,20,網際網路相關業,日班,7,47500,網頁設計師,磐弈有限公司
UI設計,台北市中正區,碩士,不拘,20,電腦軟體服務業,日班,0,40000,遊戲介面(UI)設計,玩喵有限公司
UI設計,台北市內湖區,碩士,不拘,30,電腦軟體服務業,日班,0,80000,UI設計師/資深設計師,菲律賓商加文創投有限公司台灣分公司
UI設計,新北市三重區,大學,不拘,500,其他零售業,夜班,6,37500,UIUX 設計師,三貝德數位文創股份有限公司
UI設計,桃園市龜山區,碩士,不拘,100,家庭電器／設備及用品批發業,日班,0,42000,視覺設計師,宜安家具股份有限公司
UI設計,新北市新店區,碩士,不拘,0,綜合商品批發代理業,日班,0,65000,網頁設計,奧維企業股份有限公司
UI設計,台北市松山區,專科,不拘,80,電腦軟體服務業,日班,2,80000,高級遊戲UI設計師,彩虹互動科技有限公司
UI設計,台北市中山區,大學,不拘,0,旅遊服務業,日班,8,37500,美編設計,千陽號旅行社有限公司
UI設計,台北市內湖區,碩士,不拘,80,電腦系統整合服務業,夜班,6,45500,網頁設計師 UI/UX,QSAN_廣盛科技股份有限公司
UI設計,台北市松山區,碩士,不拘,0,專門設計相關業,日班,3,40000,UI/UX設計師,逗點創制有限公司
UI設計,台北市松山區,專科,不拘,28,網際網路相關業,夜班,4,52500,Mid-Level ～ Senior UXUI 設計師,果思設計股份有限公司
UI設計,台北市信義區,大學,不拘,10,廣告行銷公關業,日班,5,30000,視覺設計助理,朱墨形象設計廣告有限公司
UI設計,台中市西區,碩士,不拘,15,其它軟體及網路相關業,日班,6,55000,網頁設計師(台中),耀緯科技有限公司
UI設計,新北市三重區,大學,不拘,15,電腦軟體服務業,日班,12,42000,UI/UX 設計師,安特庫資訊科技有限公司
UI設計,台北市大安區,碩士,不拘,15,電腦軟體服務業,日班,0,75000,UI設計師,萬兩電子科技有限公司
UI設計,台北市南港區,碩士,不拘,10,多媒體傳播相關業,日班,6,32250,2D UI 美術設計,金展創意有限公司
UI設計,台北市南港區,大學,不拘,20,多媒體傳播相關業,日班,0,60000,Android程式設計師,移動商務股份有限公司
UI設計,台中市西屯區,碩士,不拘,50,電腦軟體服務業,夜班,5,47500,Web/App UI/UX 設計師 (台中),微碧愛普科技有限公司
UI設計,新竹市,碩士,不拘,30,其它軟體及網路相關業,日班,0,213,UI/UX 設計師 UI/UX Designer,路加服務科技股份有限公司
UI設計,台北市中正區,專科,不拘,30,多媒體傳播相關業,日班,3,34000,【設計助理｜平面・影像・社群內容創作】,易禧創意科技股份有限公司
UI設計,高雄市前鎮區,碩士,不拘,0,電腦軟體服務業,日班,5,40000,產品設計師（UI/UX設計師）,肚肚股份有限公司
UI設計,高雄市新興區,大學,不拘,14,網際網路相關業,日班,4,40000,(高雄)視覺設計師,鉅晨科技有限公司
UI設計,台北市北投區,大學,不拘,0,電腦及其週邊設備製造業,夜班,0,30000,AS00077 網頁視覺設計助理,華碩電腦股份有限公司
UI設計,台中市大雅區,專科,不拘,70,建材／傢俱批發業,日班,2,32000,平面設計╱美編人員,九灃興業股份有限公司
UI設計,台北市大安區,碩士,不拘,0,鞋類／布類／服飾品零售業,日班,11,40000,UI UX 設計師,奧沐仕亞太有限公司
UI設計,台北市信義區,大學,不拘,20,食品什貨零售業,日班,5,55000,UI設計師,瑞迪健康股份有限公司
UI設計,新北市中和區,碩士,不拘,30,多媒體傳播相關業,日班,15,32500,美術網頁設計,億泰利多媒體股份有限公司
UI設計,台中市西屯區,碩士,不拘,6,電腦軟體服務業,日班,0,40000,UIUX設計師,翔堉科技股份有限公司
UI設計,台北市信義區,碩士,不拘,50,電腦軟體服務業,日班,0,90000,UI設計師,微度科技有限公司
UI設計,台北市南港區,大學,不拘,18,電腦軟體服務業,日班,13,200,UI/UX互動系統介面設計師-學生實習,聚典資訊股份有限公司
UI設計,高雄市前鎮區,大學,不拘,90,電腦軟體服務業,日班,8,40000,UI/UX & 行銷視覺設計師,富比庫股份有限公司
UI設計,台中市西區,碩士,不拘,20,食品什貨零售業,夜班,4,42500,視覺設計,創電商有限公司
UI設計,台北市松山區,大學,不拘,30,電腦軟體服務業,日班,4,52500,UI美術設計師,艾美斯科技有限公司
UI設計,新北市汐止區,大學,不拘,130,食品什貨批發業,日班,2,40000,電商設計師,艾澌克企業股份有限公司
UI設計,台北市大安區,碩士,不拘,15,傳直銷相關業,日班,0,40000,美編設計人員,健康未來科技股份有限公司
UI設計,高雄市三民區,大學,不拘,230,數位內容產業,夜班,0,41500,【高雄】影片視覺設計師,奧爾資訊多媒體股份有限公司
UI設計,桃園市蘆竹區,大學,不拘,0,其他零售業,日班,12,47500,程式設計師,財團法人農漁會聯合資訊中心附設資訊科技事業處
UI設計,台南市佳里區,碩士,不拘,0,育樂用品製造業,日班,0,35500,視覺設計,萬九科技股份有限公司
UI設計,新北市土城區,碩士,不拘,39,電腦軟體服務業,夜班,0,38500,2D遊戲美術設計,聖祐遊戲股份有限公司
UI設計,台中市北屯區,碩士,不拘,50,光電產業,日班,2,35000,商業設計,碩享科技股份有限公司
UI設計,台北市松山區,專科,不拘,30,電腦軟體服務業,日班,1,115000,AI產品 資深 UI/UX 設計師,萬達人工智慧科技股份有限公司
UI設計,新北市汐止區,專科,不拘,20,其它軟體及網路相關業,日班,3,42500,設計師,關於時間科技股份有限公司
UI設計,台中市西屯區,碩士,不拘,0,其它軟體及網路相關業,日班,1,35500,平面設計師,日新技術有限公司
UI設計,高雄市苓雅區,碩士,不拘,0,政府／民意機關,日班,0,58978,約聘數位視覺設計師,高雄市政府資訊處
UI設計,台中市西屯區,專科,不拘,1200,半導體製造業,夜班,3,33000,【實習專區】UI/UX設計師 - 實習副工程師 (HPC 台中),漢民科技股份有限公司
UI設計,台北市南港區,碩士,不拘,30,電腦軟體服務業,日班,5,52500,全方位設計師,康斯特科技股份有限公司
UI設計,台北市北投區,專科,不拘,0,電腦及其週邊設備製造業,夜班,0,30000,AB22042 2026校園徵才-使用者體驗規劃設計師_UX Designer(華碩設計中心),華碩電腦股份有限公司
UI設計,新北市中和區,專科,不拘,20,網際網路相關業,日班,2,50000,UX設計師,淞泊科技有限公司
UI設計,彰化縣伸港鄉,碩士,不拘,550,消費性電子產品製造業,夜班,2,42500,車載 HMI / UI 視覺設計師,怡利電子工業股份有限公司
UI設計,台中市西屯區,碩士,不拘,130,電腦軟體服務業,夜班,0,47500,設計師｜總經理室-行銷設計部,采威國際資訊股份有限公司
UI設計,台北市內湖區,碩士,不拘,50,綜合商品批發代理業,夜班,2,46500,【資深視覺設計師】#視覺設計 #品牌設計 #UI/UX設計,棉花共和國_大傑有限公司
UI設計,新北市三重區,碩士,不拘,15,電腦軟體服務業,日班,4,1100000,Senior UI/UX Designer 資深設計師,方客特股份有限公司
UI設計,桃園市龍潭區,碩士,不拘,10,藝文服務業,日班,2,38000,平面設計專員,洄游創生有限公司
UI設計,台北市大安區,碩士,不拘,146,電腦軟體服務業,日班,6,47500,UIUX設計/網頁/平面設計,商智資訊股份有限公司
UI設計,新竹市,碩士,不拘,0,生化科技研發業,夜班,4,42500,【新竹】Multimedia Designer/ 多媒體設計師/ 影片剪輯師,愛生育生物科技股份有限公司
UI設計,台北市中山區,大學,不拘,15000,金融控股業,夜班,5,37500,元大證券-數位金融部-網頁UI設計師,元大金融控股股份有限公司
UI設計,台北市中山區,專科,不拘,150,旅遊服務業,日班,4,36500,網頁設計,永信旅行社股份有限公司
UI設計,台北市松山區,大學,不拘,1500,證券及期貨業,夜班,0,47500,資訊系統部AI程式設計師,統一綜合證券股份有限公司
UI設計,台北市南港區,碩士,不拘,0,網際網路相關業,日班,0,56000,網頁視覺設計師,楓橡科技股份有限公司
UI設計,新北市板橋區,碩士,不拘,0,電腦軟體服務業,日班,2,210,美術設計暨行銷規劃師,茁思科技股份有限公司
UI設計,台中市北屯區,專科,不拘,0,醫院,夜班,0,32500,公關組多媒體設計師,臺中市立老人復健綜合醫院(委託財團法人中國醫藥大學興建經營)
UI設計,台北市內湖區,碩士,不拘,80,電腦系統整合服務業,夜班,0,36000,UX 產品設計師,QSAN_廣盛科技股份有限公司
UI設計,桃園市中壢區,碩士,不拘,10,綜合商品批發代理業,日班,4,29500,Unity UI/UX設計 (約聘人員-依表現續約),格敦企業股份有限公司
UI設計,新北市三重區,大學,不拘,20,其他零售業,日班,2,42500,【品牌設計】視覺平面設計/社群經營,uffy_沐光研創國際有限公司
UI設計,台中市南屯區,碩士,不拘,15,電腦系統整合服務業,日班,1,33000,遊戲美術設計師,捷特威科技股份有限公司
UI設計,新北市中和區,碩士,不拘,500,電腦軟體服務業,夜班,4,55000,2D美術設計(休閒類遊戲),宇峻奧汀科技股份有限公司
UI設計,台北市松山區,碩士,不拘,35,廣告行銷公關業,日班,4,47500,UI / UX 設計師,烏龜移動科技股份有限公司
UI設計,新北市中和區,碩士,不拘,8,專門設計相關業,日班,5,44000,UIUX設計師 / 視覺設計,申朗創意_申朗企業有限公司
UI設計,新北市淡水區,碩士,不拘,13,電腦軟體服務業,日班,7,200,UI/UX 設計助理,勤禾科技服務股份有限公司
UI設計,高雄市鼓山區,碩士,不拘,0,電腦軟體服務業,日班,5,48500,UX Designer 用戶介面設計,BigGo_樂方股份有限公司
UI設計,桃園市中壢區,專科,不拘,12,電腦軟體服務業,日班,5,200,(實習)UI/UX與平面設計師-中壢,捷德運動股份有限公司
UI設計,台中市西屯區,專科,不拘,100,其它軟體及網路相關業,夜班,1,49000,2D美術設計師,風采有限公司
UI設計,台北市南港區,碩士,不拘,24,網際網路相關業,日班,10,40000,網頁設計師,好點子數位創意有限公司
UI設計,台中市大雅區,專科,不拘,135,半導體製造業,日班,4,38500,機構設計助理,台灣暹勁股份有限公司
UI設計,高雄市左營區,碩士,不拘,25,電腦系統整合服務業,日班,5,38500,數位服務體驗設計師,奇豐資訊科技股份有限公司
UI設計,台中市西屯區,碩士,不拘,45,專門設計相關業,日班,4,47500,【擴編徵才】 網站設計 UI/UX,小艾策略行銷有限公司
平面設計,高雄市苓雅區,碩士,不拘,480,百貨相關業,日班,5,33000,行銷設計管理師,集雅社影音家電_集雅社股份有限公司
平面設計,台北市內湖區,碩士,不拘,60,數位內容產業,日班,3,200,平面設計實習生,任開數位媒體行銷股份有限公司
平面設計,台中市北屯區,碩士,不拘,0,宗教組織,日班,4,32500,平面設計,台中廣天宮
平面設計,台中市南屯區,碩士,不拘,43,印刷業,日班,3,43250,平面設計師,象元印刷事業股份有限公司
平面設計,台中市西屯區,碩士,不拘,0,電腦軟體服務業,日班,0,37500,平面設計師,盛曜科技有限公司
平面設計,桃園市蘆竹區,碩士,不拘,25,汽車及其零件製造業,日班,2,40500,平面設計師,安倢國際開發有限公司南崁店
平面設計,台北市信義區,大學,不拘,0,電腦軟體服務業,日班,3,40000,平面設計師,妙偲有限公司
平面設計,台北市大安區,專科,不拘,10,電腦軟體服務業,日班,3,350,平面設計實習生,辰紘行銷有限公司
平面設計,新北市板橋區,專科,不拘,15,綜合商品批發代理業,日班,2,37000,平面設計,萌番文化有限公司
平面設計,桃園市龜山區,碩士,不拘,740,光電產業,夜班,2,32500,平面設計,禾聯碩股份有限公司
平面設計,台中市西屯區,專科,不拘,10,其他紡織製品製造業,日班,2,32750,平面設計師,曜田國際股份有限公司
平面設計,新北市新莊區,專科,不拘,0,藥品／化妝品及清潔用品批發業,日班,7,315,平面設計兼職人員,裕智商貿企業有限公司
平面設計,高雄市三民區,碩士,不拘,0,廣告行銷公關業,日班,3,32500,平面設計,黑土集社文化創意有限公司
平面設計,台中市西屯區,碩士,不拘,0,其它軟體及網路相關業,日班,1,35500,平面設計師,日新技術有限公司
平面設計,新竹縣竹北市,碩士,不拘,80,廣告行銷公關業,日班,5,40000,平面設計師,攻城獅文創股份有限公司
平面設計,台南市東區,專科,不拘,30,其他教育服務業,夜班,3,37000,平面設計專員,GOSTUDY_世界學人國際文教股份有限公司
平面設計,台北市松山區,碩士,不拘,22,廣告行銷公關業,日班,0,34750,平面設計師,迷母豐盛股份有限公司
平面設計,新竹縣竹北市,碩士,不拘,20,美容／美體業,日班,3,37500,平面設計,杉杏國際有限公司
平面設計,台北市內湖區,碩士,不拘,0,其他餐飲業,日班,0,42500,平面設計師,鼎煜食品有限公司
平面設計,桃園市中壢區,碩士,不拘,29,食品什貨批發業,日班,6,33500,美編設計/平面設計,易而安生醫股份有限公司
平面設計,新北市新莊區,專科,不拘,0,運動服務業,日班,3,40000,平面設計師,國王育樂股份有限公司
平面設計,新竹市,大學,不拘,0,多媒體傳播相關業,日班,3,40500,平面設計師,有福創意設計工作室
平面設計,台北市大安區,專科,不拘,20,廣告行銷公關業,日班,3,33500,體驗行銷 遊戲社群 寵物社群 / 社群行銷專員,原英行銷有限公司
平面設計,台北市中山區,專科,不拘,4,廣告行銷公關業,日班,7,40000,數位美編企劃,丰丰空間人文數位有限公司
平面設計,台北市中山區,大學,不拘,30,旅遊服務業,日班,7,35000,平面設計 Graphic Designer,近代旅行社有限公司
平面設計,台北市中山區,大學,不拘,5,專門設計相關業,日班,9,40000,品牌平面設計師,曾頭有限公司
平面設計,台北市士林區,碩士,不拘,0,綜合商品批發代理業,日班,2,42500,平面設計人員,宏儀國際有限公司
平面設計,台北市大同區,專科,不拘,5,其他出版業,日班,4,32500,平面設計師,半隻羊設計有限公司
平面設計,桃園市龜山區,大學,不拘,0,家庭電器／設備及用品零售業,夜班,8,40000,平面設計師,聲寶股份有限公司
平面設計,新北市樹林區,碩士,不拘,20,鞋類／布類／服飾品零售業,日班,2,41000,平面設計/美編,凡奈詩國際有限公司
平面設計,台北市松山區,碩士,不拘,42,網際網路相關業,日班,2,40000,平面設計師,第五代虛擬科技股份有限公司
平面設計,新北市板橋區,大學,不拘,10,藝文服務業,日班,2,33000,平面設計,禾云創意整合有限公司
平面設計,苗栗縣頭份市,專科,不拘,20,室內設計業,日班,2,40500,平面設計/攝影,龍樺設計裝潢工程有限公司
平面設計,台北市內湖區,碩士,不拘,9,食品什貨批發業,日班,10,37000,品牌平面設計,果侑全食物有限公司
平面設計,台北市大安區,大學,不拘,5,會議展覽服務業,日班,3,44000,平面設計師,米亞文化有限公司
平面設計,台北市大同區,碩士,不拘,10,生化科技研發業,日班,4,36000,平面設計師,全美生技有限公司
平面設計,台北市大安區,專科,不拘,40,其他商品批發業,日班,2,33500,平面設計 台北公司,小島玩具股份有限公司
平面設計,台中市大雅區,專科,不拘,70,建材／傢俱批發業,日班,2,32000,平面設計╱美編人員,九灃興業股份有限公司
平面設計,台中市西屯區,碩士,不拘,20,網際網路相關業,日班,4,33000,平面設計師,橘野數位設計有限公司
平面設計,彰化縣花壇鄉,大學,不拘,220,消費性電子產品製造業,夜班,2,36000,行銷類_平面設計專員,大通電子股份有限公司
平面設計,台北市中山區,大學,不拘,35,網際網路相關業,日班,3,37500,平面設計師 Visual Designer,易可思科技股份有限公司
平面設計,桃園市八德區,專科,不拘,35,綜合商品批發代理業,日班,2,32000,平面設計人員,勞斯丹頓實業有限公司
平面設計,台中市南屯區,大學,不拘,0,廣告行銷公關業,日班,3,35000,平面設計人員,橙希創意行銷有限公司
平面設計,新竹市,專科,不拘,0,印刷業,日班,8,34000,美編設計人員,鴻祥廣告行銷有限公司
平面設計,台南市北區,專科,不拘,0,廣告行銷公關業,日班,6,36000,平面設計/視覺設計,滿分創意行銷有限公司
平面設計,台北市萬華區,碩士,不拘,30,鞋類／布類／服飾品零售業,日班,2,54000,視覺設計 平面設計師 XRAGE仲間,仲間國際有限公司
平面設計,新北市中和區,碩士,不拘,20,網際網路相關業,日班,2,36000,攝影及平面設計,芒檸檬事業社
平面設計,台北市大安區,專科,不拘,6,廣告行銷公關業,日班,3,42500,平面設計,泰可聯合國際事業有限公司
平面設計,台中市北屯區,碩士,不拘,15,旅遊服務業,日班,4,34000,美編平面設計,連發國際旅行社有限公司
平面設計,台北市中山區,大學,不拘,5,廣告行銷公關業,日班,2,37500,平面設計,大禾視覺整合有限公司
平面設計,彰化縣彰化市,碩士,不拘,10,廣告行銷公關業,日班,3,33000,平面設計人員,正騰旺傳播有限公司
平面設計,桃園市龍潭區,碩士,不拘,10,藝文服務業,日班,2,38000,平面設計專員,洄游創生有限公司
平面設計,台北市大安區,碩士,不拘,30,藥品／化妝品及清潔用品零售業,日班,3,43000,廣告/平面設計人員,台灣娜拉波股份有限公司
平面設計,台北市中山區,專科,不拘,6,廣告行銷公關業,日班,4,32000,平面設計助理,上下新媒體整合行銷有限公司
平面設計,高雄市岡山區,大學,不拘,0,室內設計業,日班,2,37500,平面設計師_硬是設計高雄辦公室,硬是設計IIDesign_品舍計國際有限公司
平面設計,高雄市岡山區,大學,不拘,50,殯葬服務業,日班,4,41000,平面設計／美編專員,吉園股份有限公司
平面設計,台北市內湖區,碩士,不拘,23,食品什貨批發業,日班,4,36000,平面設計 社群經營,軒榮科技股份有限公司
平面設計,新北市中和區,碩士,不拘,15,廣告行銷公關業,日班,3,36000,平面設計師,豪萬整合行銷有限公司
平面設計,新北市新莊區,碩士,不拘,35,汽機車及其零配件用品／批發業,日班,3,33500,平面設計助理,奎斯國際有限公司
平面設計,新竹市,碩士,不拘,4,印刷業,日班,2,34000,美編人員/平面設計(印刷美工),相印印刷有限公司
平面設計,台北市中正區,碩士,不拘,10,電腦軟體服務業,日班,3,45000,【誠徵】平面設計師,四點設計有限公司
平面設計,新北市新莊區,專科,不拘,14,廣告行銷公關業,日班,5,42000,平面設計師,發桂創意設計有限公司
平面設計,桃園市中壢區,專科,不拘,0,職業團體,日班,2,33500,平面設計╱美編人員,中華民國建築結構非破壞檢測協會
平面設計,台北市文山區,專科,不拘,8,專門設計相關業,日班,5,30600,助理平面設計師,風禾創藝有限公司
平面設計,新北市中和區,碩士,不拘,10,其他商品批發業,日班,3,36000,平面設計/美編人員,著色國際有限公司
平面設計,彰化縣福興鄉,專科,不拘,260,機車及其零件製造業,日班,2,38000,平面設計人員,PGO比雅久_摩特動力工業股份有限公司
平面設計,台中市西屯區,碩士,不拘,4,廣告行銷公關業,日班,5,40000,平面設計師,元吉整合行銷有限公司
平面設計,台中市大里區,大學,不拘,8,印刷業,日班,3,33500,平面設計師,呈果美學有限公司
平面設計,台北市大安區,專科,不拘,70,其他電信及通訊相關業,日班,9,42500,視覺設計 / 平面設計,"ADAM elements International Co., Ltd._亞果元素國際股份有限公司"
平面設計,台中市北屯區,專科,不拘,65,書籍出版業,夜班,3,36000,視覺平面設計師,奇鼎事業股份有限公司
平面設計,桃園市平鎮區,專科,不拘,0,其他印刷輔助業,日班,5,35000,平面設計專員,彩碁科技股份有限公司
平面設計,台北市內湖區,專科,不拘,150,醫療器材製造業,日班,3,42000,平面設計人員,双美生物科技股份有限公司
平面設計,台中市西屯區,碩士,不拘,45,光電產業,日班,5,37500,美編平面設計專員,鉅瀚綠能股份有限公司
平面設計,台北市中正區,碩士,不拘,10,電腦軟體服務業,日班,2,37500,平面設計助理,四點設計有限公司
平面設計,台北市萬華區,碩士,不拘,18,廣告行銷公關業,日班,3,41000,平面設計師,杰峰數位股份有限公司
平面設計,台中市南屯區,碩士,不拘,50,其他零售業,日班,2,36500,平面設計,英屬安吉拉商郁巧有限公司
平面設計,新北市五股區,高中以下,不拘,52,印刷業,日班,3,33998,美編美工人員 平面設計,禾啟股份有限公司
平面設計,台北市信義區,專科,不拘,50,診所,夜班,4,38500,生殖醫學中心 平面設計/美編,王家瑋婦產科診所
平面設計,桃園市八德區,碩士,不拘,7,廣告行銷公關業,日班,2,36000,美編.平面設計,瓶子整合行銷有限公司
平面設計,高雄市仁武區,大學,不拘,20,數位內容產業,夜班,4,36000,【電商內勤】平面設計 / 美工人員 / 美編人員,銳億貿易有限公司
平面設計,台中市北屯區,碩士,不拘,0,飲料店業,日班,2,205,平面設計助理（手搖飲品牌）,紅茗國際有限公司
平面設計,新北市中和區,高中職,不拘,120,飲料製造業,夜班,2,32750,平面設計／美編專員(具美編設計經驗者佳),上島食品股份有限公司
平面設計,新北市中和區,專科,不拘,0,專門設計相關業,日班,3,36000,平面設計╱美編人員,九九創新設計有限公司
平面設計,台北市大安區,碩士,不拘,30,廣告行銷公關業,日班,4,42500,平面設計 Designer,"Group.G Co., Ltd._伽馬實業有限公司"
平面設計,台中市北屯區,碩士,不拘,50,室內設計業,日班,4,37500,平面設計,帝谷室內設計_帝谷室內裝修設計有限公司
平面設計,新北市新莊區,高中以下,不拘,15,綜合商品批發代理業,日班,2,38500,平面設計美編人員,尚羽整合行銷有限公司
平面設計,新北市土城區,專科,不拘,10,文教／育樂用品批發業,日班,5,32000,平面設計助理,雅迪有限公司
平面設計,台北市內湖區,大學,不拘,300,藝文服務業,日班,3,36000,平面設計/設計助理,必應創造股份有限公司
平面設計,台北市大安區,碩士,不拘,146,電腦軟體服務業,日班,6,47500,UIUX設計/網頁/平面設計,商智資訊股份有限公司
平面設計,新北市三重區,大學,不拘,20,其他零售業,日班,2,42500,【品牌設計】視覺平面設計/社群經營,uffy_沐光研創國際有限公司
平面設計,台中市西區,碩士,不拘,120,百貨相關業,夜班,2,31500,平面設計師,桃源戶外登山露營旅遊用品店_桃源戶外有限公司
平面設計,台北市中山區,大學,不拘,21,綜合商品批發代理業,日班,3,36000,【設計部】平面設計師,烘焙找材料/焙日/找課程HeyMaster_心果有限公司
平面設計,台北市中山區,碩士,不拘,55,鞋類／布類／服飾品零售業,夜班,3,34000,平面設計,IF_伊芙巴黎左岸股份有限公司
平面設計,台中市北區,碩士,不拘,10,傢俱及裝設品表面塗裝業,日班,5,45800,平面設計 / 影片剪輯,御品床業企業社
平面設計,台北市內湖區,專科,不拘,200,電影片製作業,日班,2,42500,影視平面設計師(工作地點:台北),兔將創意影業股份有限公司
平面設計,台中市北屯區,大學,不拘,60,飲料店業,日班,3,36000,平面設計師,老賴茶棧_老賴國際有限公司
平面設計,台中市南屯區,碩士,不拘,4,鞋類／布類／服飾品零售業,日班,9,35000,平面設計美編人員,裳蘂 Sunrise 品牌選物店_裳蘂商行
平面設計,台北市松山區,碩士,不拘,0,廣告行銷公關業,日班,2,38500,平面設計人員,安杰飛國際行銷有限公司
平面設計,台北市中山區,專科,不拘,55,旅遊服務業,日班,7,48000,網頁設計師(基本前端維護)｜兼行銷平面設計,吉航旅行社有限公司
平面設計,台中市北屯區,碩士,不拘,20,室內設計業,日班,3,35000,平面設計,格利室內設計_格利國際貿易有限公司
平面設計,新北市鶯歌區,碩士,不拘,0,其他商品批發業,日班,2,39000,平面設計美編,元捷企業有限公司
平面設計,台中市西區,碩士,不拘,0,廣告行銷公關業,日班,0,32000,平面設計師,左上角企劃顧問有限公司
平面設計,台中市東區,專科,不拘,30,其他紡織製品製造業,日班,7,36000,平面設計/美編專員,乾義興業股份有限公司
平面設計,台中市西屯區,碩士,不拘,29,網際網路相關業,日班,6,40000,【擴編】平面設計專員 Graphic Designer,聖文森商瑞德克斯科技有限公司台灣分公司
平面設計,台北市文山區,專科,不拘,8,專門設計相關業,日班,5,33100,平面設計師,風禾創藝有限公司
平面設計,台南市新市區,大學,不拘,90,光電產業,日班,2,34500,平面設計師,元融科技有限公司
平面設計,台北市松山區,碩士,不拘,30,廣告行銷公關業,日班,2,32500,平面設計助理,禾創國際股份有限公司
平面設計,嘉義縣朴子市,專科,不拘,5,廣告行銷公關業,日班,3,32500,平面設計師,九九活動整合有限公司
平面設計,台中市西屯區,碩士,不拘,0,綜合商品批發代理業,日班,4,32250,平面設計師 Graphic Designer,PAPERSELF_歐亞迪國際企業有限公司
平面設計,新北市汐止區,專科,不拘,13,綜合商品批發代理業,日班,6,38000,平面設計/美編,瑩冀貿易股份有限公司
平面設計,台北市士林區,碩士,不拘,25,廣告行銷公關業,日班,2,42500,【圖佔創易】資深平面設計師 / 平面設計師 Senior Visual Designer / Visual Designer,圖佔創易行銷有限公司
平面設計,台北市南港區,碩士,不拘,60,食品什貨批發業,日班,3,45500,【簡單李】品牌視覺設計師（平面設計 × 插畫 × IP 發展）,簡單李_漢翊食品有限公司
平面設計,台南市安南區,專科,不拘,80,鞋類製造業,日班,7,35000,平面設計專員,FAIR LADY時尚鞋履_菲飛國際有限公司
平面設計,桃園市中壢區,專科,不拘,15,藥品／化妝品及清潔用品批發業,日班,2,35000,平面設計╱美編人員,子墨實業股份有限公司
平面設計,台中市大雅區,大學,不拘,15,文教／育樂用品批發業,日班,0,200,平面設計/美編（兼職）,歆動音樂藝術有限公司
平面設計,高雄市三民區,大學,不拘,10,廣告行銷公關業,日班,2,37500,平面設計,維晟展業股份有限公司
平面設計,台中市西屯區,專科,不拘,15,生化科技研發業,日班,2,37500,視覺設計 / 平面設計人員,百禎生物科技有限公司
平面設計,台北市信義區,專科,不拘,40,廣告行銷公關業,日班,3,38500,設計部－平面設計師,奧汀整合行銷傳播股份有限公司
平面設計,高雄市鳳山區,碩士,不拘,25,綜合商品批發代理業,日班,3,34000,平面設計師,容鴻有限公司
平面設計,桃園市八德區,碩士,不拘,10,汽機車及其零配件／用品零售業,日班,3,38500,美編視覺平面設計,桀昇國際開發有限公司
平面設計,台中市西屯區,碩士,不拘,12,其它軟體及網路相關業,日班,0,34000,平面設計【週休二日，底薪3萬-3萬8】,放大數位行銷有限公司
平面設計,台中市西區,碩士,不拘,15,運動服務業,日班,2,43000,平面設計師,Harfez Fitness 力宴健身中心_捷鑫展業有限公司
平面設計,台中市北區,大學,不拘,15,其他商品批發業,日班,0,36500,平面設計/美編人員,東牆補西牆Toys_典暘企業社
平面設計,台南市仁德區,大學,不拘,20,其他相關製造業,日班,2,37000,平面設計人員(擴編),勝銓實業有限公司
平面設計,新北市三重區,碩士,不拘,9,廣告行銷公關業,日班,2,42500,平面設計師,峰辰股份有限公司
平面設計,新北市板橋區,專科,不拘,10,廣告行銷公關業,日班,0,38500,視覺設計|平面設計|品牌設計,千鑫科技股份有限公司
平面設計,台北市大同區,碩士,不拘,0,廣告行銷公關業,日班,0,40500,平面設計,神策品牌顧問有限公司
平面設計,台中市大里區,碩士,不拘,30,印刷業,日班,3,32500,美編設計/美工 /平面設計,廣羅資訊有限公司
平面設計,台北市大安區,碩士,不拘,10,鞋類／布類／服飾品零售業,日班,0,42000,【 SUNVIBES 】平面設計人員,LiTTLEGiRL_妍心時尚設計工作室
平面設計,台北市松山區,碩士,不拘,20,美容／美體業,日班,4,35000,【台北】杉杏醫美 平面設計,杉杏國際有限公司
平面設計,桃園市桃園區,碩士,不拘,20,電子通訊／電腦週邊批發業,夜班,2,40000,平面設計｜美編設計師,摩比亞科技有限公司
平面設計,台北市信義區,專科,不拘,10,廣告行銷公關業,日班,4,400000,平面設計,十力活動行銷有限公司
平面設計,台中市南屯區,碩士,不拘,0,電腦軟體服務業,日班,1,36500,視覺設計／平面設計,三陸一海設計顧問股份有限公司
平面設計,台北市中山區,碩士,不拘,0,廣告行銷公關業,日班,2,37500,平面設計師,an everything一個設計_人田十口品牌有限公司
平面設計,台北市內湖區,碩士,不拘,6,汽機車及其零配件用品／批發業,日班,2,35000,平面設計/網站美編,冠得笙興業有限公司
平面設計,台中市北區,碩士,不拘,10,鞋類／布類／服飾品批發業,日班,7,35000,【SOULSIS — 平面設計師】,源品良行股份有限公司
平面設計,新北市三重區,碩士,不拘,0,旅遊服務業,日班,3,225,平面設計（有行銷概念佳）,樂派旅行社有限公司
平面設計,台北市大安區,大學,不拘,15,專門設計相關業,日班,3,44000,平面設計師,傑克萊兒創意設計有限公司
平面設計,台北市松山區,專科,不拘,70,建材／傢俱零售業,日班,2,41500,平面設計師(專員/高專),德瑞克名床_橙果床業家具有限公司
平面設計,台北市大安區,碩士,不拘,50,餐館業,日班,3,37500,平面設計╱美編人員,月臆國際有限公司
平面設計,台北市大安區,專科,不拘,0,診所,日班,3,35000,平面設計美編人員,毛爵生髮診所
平面設計,桃園市中壢區,專科,不拘,12,電腦軟體服務業,日班,5,200,(實習)UI/UX與平面設計師-中壢,捷德運動股份有限公司
平面設計,新北市汐止區,專科,不拘,20,綜合商品批發代理業,日班,4,36500,產品設計/皮件配飾包夾類/平面設計,貿鼎企業有限公司
平面設計,台北市內湖區,碩士,不拘,20,廣告行銷公關業,日班,2,33500,平面設計助理,轉象設計國際有限公司
平面設計,新北市五股區,專科,不拘,10,其他相關製造業,日班,2,41000,平面設計美編人員,金雀文創有限公司
平面設計,台中市西屯區,碩士,不拘,50,機車及其零件製造業,日班,0,41500,商業平面設計 / 文宣美編專員 (台中西屯/ 38K起 /周休二日),柏霖動機實業股份有限公司
平面設計,台中市大里區,專科,不拘,15,綜合商品批發代理業,日班,3,37000,美編人員/平面設計,兆億憓生物科技有限公司
平面設計,新北市新莊區,碩士,不拘,5,汽機車維修業,夜班,0,33500,平面設計╱美編人員,峰雨有限公司
平面設計,台中市大里區,碩士,不拘,0,綜合商品批發代理業,日班,2,31000,平面設計助理╱美編人員,慶家福有限公司
平面設計,新北市中和區,專科,不拘,40,綜合商品批發代理業,日班,8,32750,平面設計助理,仲人國際有限公司
平面設計,新竹縣竹東鎮,大學,不拘,0,廣告行銷公關業,日班,5,32250,平面設計助理,倉曲創意有限公司
平面設計,台中市西屯區,碩士,不拘,20,多媒體傳播相關業,日班,1,39000,平面設計師（社群｜自媒體）,富楷自媒體有限公司
平面設計,桃園市平鎮區,碩士,不拘,0,家庭電器／設備及用品批發業,夜班,3,36500,美工平面設計人員,阿媽牌生鐵鍋_晏鼎國際開發有限公司
室內設計,台北市松山區,碩士,不拘,25,室內設計業,日班,1,32000,室內設計師助理(台北),演拓室內裝修設計工程行
室內設計,台中市龍井區,碩士,不拘,6,室內設計業,日班,4,30750,"室內設計助理 (薪29,500~32,000)",嬡居室內設計有限公司
室內設計,新竹縣竹北市,碩士,不拘,5,室內設計業,日班,4,45000,室內設計師,文苡安室內設計_文苡安設計企業社
室內設計,新北市板橋區,碩士,不拘,3,室內設計業,日班,5,37500,室內設計助理,寇特室內設計有限公司
室內設計,台中市龍井區,碩士,不拘,6,室內設計業,日班,4,55000,室內設計師 (薪50000~60000),嬡居室內設計有限公司
室內設計,台北市大安區,專科,不拘,20,室內設計業,日班,2,65000,室內設計師,樂沐室內設計有限公司
室內設計,桃園市桃園區,碩士,不拘,1,室內設計業,日班,0,42000,室內設計師,瓦力室內設計有限公司
室內設計,新竹縣竹北市,碩士,不拘,5,室內設計業,日班,3,35000,室內設計助理,文苡安室內設計_文苡安設計企業社
室內設計,台中市西屯區,大學,不拘,12,室內設計業,日班,4,40000,(台中西屯) 室內設計師 助理設計師,實貳設計室內裝修有限公司
室內設計,新北市三重區,專科,不拘,10,建物裝修及裝潢業,日班,4,40500,室內設計助理,采邑室內設計
室內設計,新北市林口區,碩士,不拘,5,室內設計業,日班,2,62500,室內設計師,莯月室內裝修設計工程有限公司
室內設計,台北市信義區,碩士,不拘,0,室內設計業,日班,5,49500,室內設計師,木象室內設計有限公司
室內設計,台南市安南區,專科,不拘,1,室內設計業,日班,0,39000,室內設計助理,芊燁室內裝修設計有限公司
室內設計,桃園市八德區,高中職,不拘,4,建物裝修及裝潢業,日班,2,35000,室內設計助理,柯邸室內設計
室內設計,桃園市中壢區,碩士,不拘,7,室內設計業,日班,4,40000,室內設計助理,巧軒空間製作所有限公司
室內設計,新北市板橋區,碩士,不拘,10,室內設計業,夜班,5,72500,專案設計師 ｜室內設計專案執行,玖恆室內設計_玖恆整合設計股份有限公司
室內設計,桃園市龜山區,碩士,不拘,15,建物裝修及裝潢業,日班,4,95000,室內設計師,森創設計室內裝修有限公司
室內設計,桃園市中壢區,專科,不拘,6,室內設計業,日班,7,40000,室內設計助理,淞建有限公司
室內設計,台北市中山區,專科,不拘,0,室內設計業,日班,2,50000,室內設計師,龐畢度室內裝修設計有限公司
室內設計,高雄市楠梓區,碩士,不拘,5,室內設計業,日班,5,44000,室內設計師,楓根室內裝修設計有限公司
室內設計,桃園市中壢區,碩士,不拘,0,其他商品批發業,日班,0,70000,ＩＫＥＡ商品運送組裝人員(桃園區),佳澄交通貨運有限公司
室內設計,桃園市桃園區,碩士,不拘,30,建物裝修及裝潢業,日班,2,41500,室內設計助理,禾林室內設計工程有限公司
室內設計,台中市南屯區,專科,不拘,1,室內設計業,日班,3,42000,室內設計師,三木室內裝修設計有限公司
室內設計,台北市中山區,大學,不拘,22,室內設計業,日班,1,50000,室內設計師,艾美室內設計股份有限公司
室內設計,新北市樹林區,碩士,不拘,7,室內設計業,日班,2,41000,室內設計助理,王品優居有限公司
室內設計,桃園市桃園區,碩士,不拘,0,建物裝修及裝潢業,日班,2,39000,室內設計助理,谷丿室內裝修空間設計有限公司
室內設計,新北市板橋區,碩士,不拘,6,室內設計業,日班,5,40500,室內設計助理,睿格室內裝修設計有限公司
室內設計,台南市中西區,碩士,不拘,0,室內設計業,日班,3,42500,室內設計師,艾瑪家有限公司
室內設計,新北市新莊區,碩士,不拘,10,室內設計業,日班,7,49000,室內設計師,巢藝室內裝修設計有限公司
室內設計,彰化縣彰化市,碩士,不拘,4,建物裝修及裝潢業,日班,8,34000,室內設計師助理,喬富室內設計有限公司
室內設計,台中市后里區,碩士,不拘,5,室內設計業,日班,11,38000,建築/室內設計師,映見設計國際有限公司
室內設計,台北市大安區,大學,不拘,8,室內設計業,夜班,7,62000,室內設計師,文儀室內裝修設計有限公司
室內設計,高雄市苓雅區,碩士,不拘,4,室內設計業,日班,3,38500,室內設計師助理,猫走路室內裝修有限公司
室內設計,台中市西屯區,碩士,不拘,4,建物裝修及裝潢業,日班,8,57500,室內設計師,喬富室內設計有限公司
室內設計,台北市內湖區,專科,不拘,0,室內設計業,日班,2,32500,室內設計助理,郡耀室內設計有限公司
室內設計,台中市南屯區,碩士,不拘,2,室內設計業,日班,2,40000,室內設計師,宅間制作室內裝修設計有限公司
室內設計,台北市松山區,碩士,不拘,12,室內設計業,日班,8,38000,室內設計師助理,森律室內裝修設計有限公司
室內設計,新北市林口區,碩士,不拘,5,室內設計業,日班,4,52500,室內設計師,言桁設計有限公司
室內設計,台中市北屯區,大學,不拘,20,室內設計業,日班,2,45000,室內設計師,愛格室內設計_愛格系統家具有限公司
室內設計,新竹縣竹北市,碩士,不拘,20,室內設計業,日班,2,45000,收款 暨 財務執行專員｜請款協調 × 廠商付款 × 帳務資料整理 (43-47k),橙果創意國際設計有限公司
室內設計,台北市松山區,碩士,不拘,8,室內設計業,日班,0,41500,行政會計人員,行舍空間有限公司
室內設計,台中市西區,專科,不拘,3,室內設計業,日班,8,38000,室內設計助理,拓原設計有限公司
室內設計,台北市松山區,專科,不拘,30,室內設計業,夜班,11,41500,助理傢飾師,L'atelier Fantasia_繽紛室內設計有限公司
室內設計,台北市中山區,大學,不拘,88,室內設計業,日班,0,43500,室內設計師助理,成舍企業股份有限公司復興分公司
室內設計,高雄市苓雅區,大學,不拘,8,室內設計業,日班,4,33500,室內設計助理,樸作設計有限公司
室內設計,台中市西區,專科,不拘,2,室內設計業,日班,4,33500,室內設計助理,景好生活室內裝修設計有限公司
室內設計,台中市北屯區,大學,不拘,12,室內設計業,日班,4,41000,(台中)室內設計助理,蘭庭室內裝修設計有限公司
室內設計,台中市北屯區,碩士,不拘,0,室內設計業,日班,2,35000,室內設計師助理,蒔山室內設計有限公司
室內設計,台北市信義區,碩士,不拘,11,室內設計業,日班,6,55000,室內設計師,一暮室內裝修設計有限公司
室內設計,台南市北區,大學,不拘,0,室內設計業,日班,5,40500,室內設計助理,築沃空間設計室內裝修工程有限公司
室內設計,台北市大安區,碩士,不拘,8,室內設計業,夜班,6,40000,室內設計助理,文儀室內裝修設計有限公司
室內設計,新竹市,專科,不拘,5,室內設計業,日班,4,35000,室內設計助理,寬度空間設計
室內設計,台北市中山區,碩士,不拘,0,建築及工程技術服務業,日班,7,37500,室內設計師,紅磚堡事業有限公司
室內設計,高雄市左營區,專科,不拘,0,室內設計業,日班,6,44000,室內設計師,凊郡空間設計有限公司
室內設計,台北市大安區,碩士,不拘,5,室內設計業,日班,5,42000,室內設計師,奇逸空間設計工作室
室內設計,台北市中正區,碩士,不拘,7,室內設計業,日班,0,35000,室內設計助理,雲邑室內設計有限公司
室內設計,新北市三重區,專科,不拘,6,室內設計業,日班,2,39500,室內設計助理,若葉室內裝修設計有限公司
室內設計,高雄市前鎮區,碩士,不拘,8,室內設計業,日班,4,44000,室內設計-專案設計師(實務經驗二年以上),騷墨室內裝修設計有限公司
室內設計,新竹縣竹北市,碩士,不拘,4,室內設計業,日班,0,55000,室內設計師,以光室內設計工作室
室內設計,台中市西區,碩士,不拘,15,建築工程業,日班,2,35000,工務助理繪圖,宏泉建設有限公司
室內設計,新北市林口區,專科,不拘,25,建材／傢俱零售業,日班,1,40000,電商客服專員,木兮科技有限公司
室內設計,高雄市苓雅區,大學,不拘,10,室內設計業,日班,7,37500,室內設計師/設計助理,微品設計股份有限公司
室內設計,台中市南屯區,碩士,不拘,20,室內設計業,日班,4,33000,室內設計助理,格利室內設計_格利國際貿易有限公司
室內設計,台北市中山區,大學,不拘,50,室內設計業,日班,1,40500,室內設計助理(台北大直),帝谷室內設計_帝谷室內裝修設計有限公司
室內設計,台中市西屯區,大學,不拘,0,室內設計業,日班,7,39000,室內設計師,有序室內裝修有限公司
室內設計,高雄市三民區,碩士,不拘,23,室內設計業,日班,4,32500,室內設計助理,藝瓦室內裝修設計工程股份有限公司
室內設計,新竹縣竹北市,大學,不拘,20,室內設計業,日班,3,52500,室內設計師,極簡室內裝修設計有限公司
室內設計,台中市西區,碩士,不拘,6,室內設計業,日班,2,30000,室內設計助理,捌程室內設計有限公司
室內設計,台中市北區,專科,不拘,2,室內設計業,日班,2,38500,室內設計師,十光室內設計有限公司
室內設計,台北市文山區,碩士,不拘,10,室內設計業,日班,2,35000,室內設計助理,道生室內裝修設計有限公司
室內設計,台北市松山區,專科,不拘,12,室內設計業,日班,0,35000,【工務助理｜室內設計｜無經驗可｜準時下班】,羅亞室內裝修設計工程有限公司
室內設計,新北市新莊區,專科,不拘,6,廣告行銷公關業,夜班,4,41500,助理室內設計師,此刻識別設計室內裝修有限公司
室內設計,台北市中山區,大學,不拘,22,室內設計業,日班,2,40000,助理設計師,艾美室內設計股份有限公司
室內設計,台北市大安區,碩士,不拘,5,室內設計業,日班,0,37500,室內設計助理,直序室內裝修設計有限公司
室內設計,台南市安平區,碩士,不拘,0,室內設計業,日班,11,35000,室內設計助理,毛森江建築開發有限公司
室內設計,高雄市鼓山區,碩士,不拘,25,室內設計業,日班,1,32750,室內設計助理(高雄),演拓室內裝修設計工程行
室內設計,高雄市苓雅區,大學,不拘,0,室內設計業,日班,11,47500,室內設計師(高雄),原境國際室內裝修設計工程有限公司
室內設計,彰化縣線西鄉,碩士,不拘,8,室內設計業,日班,3,33750,室內設計助理,皇嘉室內空間美學有限公司
室內設計,桃園市中壢區,專科,不拘,0,室內設計業,日班,3,42500,室內設計,青埕空間整合設計有限公司
室內設計,新北市板橋區,大學,不拘,12,室內設計業,日班,4,41500,(新北板橋)室內設計助理,蘭庭室內裝修設計有限公司
室內設計,新竹縣竹北市,高中職,不拘,150,餐館業,日班,2,37000,食時創新餐飲- 社群行銷專員,史坦利美式牛排 / 西班牙餐酒館 / 金福越式河粉 / 依時海陸市集_食時創新股份有限公司
室內設計,新北市土城區,大學,不拘,300,室內設計業,日班,0,42500,【歡迎轉職規劃】室內設計師/室內設計助理/專案顧問 ( 土城/樹林/新莊/泰山 ),三商美福室內裝修股份有限公司
室內設計,台北市中山區,專科,不拘,0,室內設計業,日班,3,42000,室內設計師,Dj+ PLUS Design_舒杰室內裝修設計有限公司
室內設計,台中市潭子區,碩士,不拘,0,室內設計業,日班,5,38500,室內設計師助理,沐光寓室內裝修有限公司
室內設計,屏東縣屏東市,碩士,不拘,0,室內設計業,日班,6,33000,室內設計助理,澤田設計實業有限公司
室內設計,台北市松山區,碩士,不拘,13,建物裝修及裝潢業,日班,7,60000,室內設計-專案設計師,空間新象室內裝修設計工程有限公司
室內設計,新竹縣竹北市,碩士,不拘,5,建物裝修及裝潢業,日班,3,1000000,室內設計師,淼栩有限公司
室內設計,台北市中正區,碩士,不拘,7,室內設計業,日班,1,45000,室內設計師,雲邑室內設計有限公司
室內設計,新北市永和區,大學,不拘,7,室內設計業,日班,5,40000,室內設計師｜近永安捷運站,永美室內裝修設計有限公司
室內設計,台北市大安區,碩士,不拘,10,室內設計業,日班,0,42000,室內設計師,元澤設計股份有限公司
室內設計,台北市松山區,碩士,不拘,8,室內設計業,日班,4,47500,室內設計師/繪圖人員,面角設計室內裝修有限公司
室內設計,台北市松山區,大學,不拘,30,室內設計業,夜班,10,52500,家飾設計師,L'atelier Fantasia_繽紛室內設計有限公司
室內設計,台中市西屯區,大學,不拘,0,室內設計業,夜班,4,51500,室內設計師(台中),百工記室內裝修設計有限公司
室內設計,新北市板橋區,高中職,不拘,15,建物裝修及裝潢業,日班,2,67500,專案室內設計師,享家空間設計室內裝修有限公司
室內設計,桃園市桃園區,專科,不拘,12,建物裝修及裝潢業,日班,2,200,室內設計實習生,優德室內設計_優德室內裝修有限公司
室內設計,台北市松山區,大學,不拘,8,室內設計業,日班,8,40000,室內設計助理,瑪黑室內裝修設計工程有限公司
室內設計,桃園市桃園區,專科,不拘,0,室內設計業,日班,6,35000,設計師助理,露西室內設計
室內設計,桃園市桃園區,碩士,不拘,5,室內設計業,日班,2,42000,室內設計助理,光舍設計室內裝修有限公司
室內設計,台北市內湖區,大學,不拘,0,室內設計業,日班,5,50000,室內設計師,郡耀室內設計有限公司
室內設計,新北市新莊區,專科,不拘,11,建物裝修及裝潢業,日班,0,52500,專案室內設計師,玳爾室內設計有限公司
室內設計,台北市南港區,專科,不拘,0,室內設計業,日班,2,56000,室內設計師,山嵐室內裝修有限公司
室內設計,高雄市仁武區,碩士,不拘,8,室內設計業,日班,2,42000,室內設計師,言午設計有限公司
室內設計,台中市后里區,碩士,不拘,7,室內設計業,日班,7,72500,室內設計助理,宏匠室內裝潢設計企業社
室內設計,新北市三峽區,碩士,不拘,300,室內設計業,夜班,0,42500,【歡迎轉職規劃】室內設計師/室內設計助理/專案顧問（三峽/鶯歌/大溪）,三商美福室內裝修股份有限公司
室內設計,新竹縣竹北市,碩士,不拘,0,室內設計業,日班,5,37500,室內設計助理,米蘭藝術空間設計有限公司
室內設計,新北市林口區,碩士,不拘,6,建物裝修及裝潢業,日班,2,35000,室內設計師助理,綠屋室內裝修設計工程行
室內設計,台北市中山區,大學,不拘,22,室內設計業,日班,2,35000,兼職設計師,艾美室內設計股份有限公司
室內設計,高雄市三民區,碩士,不拘,5,室內設計業,日班,3,50000,住宅設計師｜工務後援完整｜專注設計提案與圖面｜高雄室內設計公司,澄子室內裝修設計有限公司
室內設計,台北市大安區,碩士,不拘,5,室內設計業,日班,0,45000,室內設計師,直序室內裝修設計有限公司
室內設計,桃園市桃園區,碩士,不拘,0,室內設計業,日班,3,35000,室內設計助理 ,萊尼薾室內設計有限公司
室內設計,新北市樹林區,專科,不拘,7,室內設計業,日班,2,62500,室內設計師,王品優居有限公司
室內設計,桃園市中壢區,碩士,不拘,4,室內設計業,日班,9,34500,室內設計助理,青彤室內裝修設計有限公司
室內設計,新北市新莊區,碩士,不拘,80,室內設計業,日班,2,500000,【新莊區】室內設計師助理,拾間室內裝修設計有限公司
室內設計,台北市中山區,大學,不拘,10,室內設計業,日班,3,52500,專案室內設計師,沐易設計室內裝修有限公司
室內設計,屏東縣屏東市,大學,不拘,6,室內設計業,日班,5,34000,室內設計師助理,PIIN品系統設計整合(南區)_允業室內裝修設計工程有限公司
室內設計,台中市西屯區,碩士,不拘,5,室內設計業,日班,4,32000,室內設計助理（軟裝整合）,午為室內設計有限公司
室內設計,桃園市楊梅區,專科,不拘,30,室內設計業,日班,5,34000,設計助理/行政助理,帝鼎室內設計有限公司
室內設計,彰化縣員林市,專科,不拘,10,室內設計業,日班,7,45000,室內設計師(員林),光嶼室內裝修設計有限公司
室內設計,台北市信義區,碩士,不拘,5,室內設計業,日班,3,44000,室內設計助理/設計師,沐白室內裝修設計工程有限公司
室內設計,台南市安平區,碩士,不拘,0,室內設計業,日班,2,32000,室內設計助理,築澄室內裝修有限公司
室內設計,高雄市楠梓區,大學,不拘,20,室內設計業,日班,2,47500,室內設計師(高雄),愛格室內設計_愛格系統家具有限公司
室內設計,台北市大安區,大學,不拘,0,專門設計相關業,夜班,1,50000,室內設計師,KYDO室內設計_耕宇設計有限公司
室內設計,台北市大安區,碩士,不拘,0,室內設計業,日班,6,51000,室內設計師,青山設計室內裝修工程股份有限公司
室內設計,台南市中西區,碩士,不拘,0,室內設計業,日班,5,55000,室內設計師,鐵木室內裝修設計
室內設計,宜蘭縣宜蘭市,高中職,不拘,0,室內設計業,日班,1,37000,室內設計助理,米拉室內裝修設計工程有限公司
室內設計,高雄市左營區,碩士,不拘,11,室內設計業,日班,10,39000,室內設計師,達觀室內設計有限公司
室內設計,高雄市左營區,專科,不拘,0,室內設計業,日班,2,35000,室內設計師,光佐空間設計有限公司
室內設計,台北市中正區,碩士,不拘,100,建物裝修及裝潢業,日班,2,55000,室內設計師,安得室內裝修工程有限公司
室內設計,台北市大安區,碩士,不拘,5,室內設計業,日班,2,198,室內設計實習生,旦凡設計室內裝修有限公司
室內設計,台中市西屯區,專科,不拘,5,室內設計業,日班,2,47500,室內設計師.設計助理,宜亞室內裝修設計有限公司
室內設計,新北市中和區,碩士,不拘,10,室內設計業,日班,3,34000,室內設計助理,雯森室內裝修設計有限公司
室內設計,雲林縣斗六市,碩士,不拘,8,室內設計業,日班,0,38000,室內設計師,大漢創研室內裝修設計有限公司
室內設計,台北市松山區,大學,不拘,30,室內設計業,夜班,9,62500,室內設計師,L'atelier Fantasia_繽紛室內設計有限公司
室內設計,台中市西屯區,大學,不拘,0,專門設計相關業,日班,3,47500,室內設計師,國際智家整合設計有限公司
室內設計,桃園市桃園區,大學,不拘,0,建物裝修及裝潢業,日班,3,42500,室內設計師 /助理設計師,淞雅室內設計有限公司
室內設計,桃園市中壢區,碩士,不拘,0,室內設計業,日班,2,42500,室內設計助理,畫安室內裝修有限公司
室內設計,台北市松山區,碩士,不拘,0,室內設計業,日班,2,37500,室內設計助理,街巷設計製作有限公司
室內設計,台北市北投區,大學,不拘,0,室內設計業,日班,3,33500,室內設計助理（歡迎相關科系無經驗）,知澄室內裝修有限公司
室內設計,新北市三重區,碩士,不拘,50,室內設計業,日班,0,89750,室內設計師助理(三重店),歐肯傢俱生活館有限公司
室內設計,宜蘭縣五結鄉,碩士,不拘,5,室內設計業,日班,2,41000,室內設計助理,禾玥室內裝修空間設計
室內設計,台北市松山區,碩士,不拘,2,室內設計業,日班,4,38000,室內設計助理,相聚拾光室內設計有限公司
室內設計,新竹市,專科,不拘,3,建物裝修及裝潢業,日班,5,37500,室內設計助理,木平方室內裝修有限公司
室內設計,台北市北投區,大學,不拘,0,建物裝修及裝潢業,日班,6,38000,室內設計助理,空間學旅室內裝修設計有限公司
室內設計,台北市內湖區,專科,不拘,40,室內設計業,夜班,3,52500,室內設計師,睿創設計整合室內裝修股份有限公司
室內設計,台中市西區,專科,不拘,8,室內設計業,日班,2,34500,室內設計助理,本事空間有限公司
室內設計,高雄市楠梓區,專科,不拘,0,室內設計業,日班,5,32500,室內設計助理,頤樂空間設計有限公司
室內設計,新北市汐止區,碩士,不拘,50,建物裝修及裝潢業,日班,7,60000,室內設計師,原藤國際室內裝修有限公司
室內設計,台中市西屯區,碩士,不拘,5,室內設計業,日班,4,48000,室內設計師,午為室內設計有限公司
室內設計,桃園市中壢區,專科,不拘,6,室內設計業,日班,4,35000,室內設計助理,惟新空間設計有限公司
室內設計,新北市新莊區,專科,不拘,7,室內設計業,日班,2,52500,室內設計師 / 室內設計助理,苡希創意設計有限公司
室內設計,高雄市楠梓區,大學,不拘,5,室內設計業,日班,5,34000,室內設計助理,楓根室內裝修設計有限公司
室內設計,台中市西屯區,碩士,不拘,5,室內設計業,日班,2,35750,室內設計師/設計助理,森奕室內設計有限公司
室內設計,台北市大安區,專科,不拘,20,室內設計業,日班,4,45000,助理設計師（資歷2年以上）,樂沐室內設計有限公司
室內設計,台北市中山區,碩士,不拘,0,室內設計業,日班,2,225,室內設計助理PT,風富家設計室內裝修有限公司
室內設計,新北市永和區,高中職,不拘,0,室內設計業,日班,7,35000,室內設計師助理,六坊室內裝修設計有限公司
室內設計,台中市北屯區,大學,不拘,40,室內設計業,日班,0,115000,台中室內設計網公司直營店－高專經理人(台中市)歡迎房仲經驗夥伴加入,台中室內設計網有限公司
室內設計,台中市西屯區,碩士,不拘,0,室內設計業,日班,3,35000,室內設計+軟裝設計,肯星室內裝修設計有限公司
室內設計,新北市林口區,大學,不拘,20,室內設計業,日班,3,102500,室內設計師,美合室內裝修設計有限公司
護理師,桃園市中壢區,碩士,不拘,300,診所,日班,0,60000,【桃園旗艦店】生殖護理諮詢師（桃園高鐵步行5分鐘）｜歡迎應屆畢業生！享職務獎金,送子鳥診所
護理師,台北市大安區,碩士,不拘,9,診所,日班,0,60000,牙醫助理(3萬5-8萬5男女無經驗二度就業可),佳安牙醫診所
護理師,高雄市岡山區,大學,不拘,6,診所,日班,1,38000,護士/護理師,吳中仁診所
護理師,高雄市岡山區,專科,不拘,6,診所,日班,1,240,兼職護士/護理師,吳中仁診所
護理師,台北市松山區,碩士,不拘,0,其他醫療保健服務業,日班,0,200,兼職護理師（護士）,臺北市私立仁仁老人長期照顧中心(養護型)
護理師,桃園市中壢區,專科,不拘,60,診所,日班,3,45500,【中壢老街溪現代聯合診所】護士/護理師/護理人員,南崁現代診所
護理師,高雄市三民區,碩士,不拘,0,診所,日班,0,43500,護士/護理師 (正職),建成診所
護理師,高雄市左營區,大學,不拘,10,診所,日班,0,225,護理師,陳乃銘診所
護理師,台北市內湖區,大學,不拘,0,其他醫療保健服務業,日班,0,280,兼任護理師、護士,思惟睡眠科技股份有限公司
護理師,桃園市龜山區,碩士,不拘,6,診所,日班,0,62500,護士護理師,長春藤牙醫診所
護理師,彰化縣鹿港鎮,專科,不拘,0,診所,日班,0,36000,護士、護理師 助理,林育慶泌尿專科診所
護理師,台北市大安區,碩士,不拘,10,診所,日班,0,50000,護士護理師,艾尚美醫美診所
護理師,台中市北屯區,大學,不拘,30,診所,日班,0,41000,【全職】門診護理師/護士/護理人員 (月薪 $4萬起),瑞健診所
護理師,雲林縣虎尾鎮,碩士,不拘,0,其他醫療保健服務業,日班,0,35900,嬰兒室護理師/護士,沐綿產後護理之家
護理師,新北市蘆洲區,專科,不拘,18,診所,日班,7,48500,【蘆洲】護理師 Nurse/護士/護理人員(長榮路院所),蘆洲現代內科診所
護理師,台中市北屯區,專科,不拘,0,診所,日班,1,47500,護理師,綠洲皮膚/泌尿科診所_ 綠洲診所
護理師,高雄市楠梓區,專科,不拘,0,診所,日班,0,50000,護理師,鄧凱太家仁診所
護理師,台北市中山區,碩士,不拘,60,診所,日班,0,400000,醫美醫師(醫學美容),千代田八千代診所
護理師,台北市內湖區,大學,不拘,1100,工商顧問服務業,日班,0,41500,"禾馨醫療【民權】特約客服櫃台人員(試用期後40,000元起)(含績效獎金)(另有夜班津貼)",禾馨股份有限公司
護理師,新北市林口區,專科,不拘,0,診所,日班,0,47500,護士人員 (具護理師/護士執照 . 無經驗可),何文藻皮膚科診所
護理師,新北市中和區,專科,不拘,15,診所,日班,0,300,護理師,佳南診所
護理師,新竹縣竹北市,專科,不拘,0,診所,日班,0,69000,博威診所新竹分院_護理師及護士,博威診所
護理師,新北市蘆洲區,碩士,不拘,0,診所,日班,0,300,護理師及護士,長榮耳鼻喉科診所
護理師,台南市永康區,碩士,不拘,0,診所,日班,0,44000,護理師,全威診所
護理師,高雄市左營區,專科,不拘,0,診所,日班,0,38000,護理師,好心腸診所
護理師,新北市林口區,高中職,不拘,0,其他醫療保健服務業,日班,1,55000,護理師【林口】,太陽照服股份有限公司
護理師,新竹縣關西鎮,碩士,不拘,200,其他住宿服務業,日班,0,62120,護理師,亞洲健康城股份有限公司
護理師,高雄市左營區,專科,不拘,7,診所,日班,1,40000,護理師及護士,睛華眼科診所
護理師,高雄市左營區,專科,不拘,10,診所,日班,0,35000,護理師,陳乃銘診所
護理師,台中市北屯區,專科,不拘,20,其他醫療保健服務業,日班,0,42500,特別護士 ( 隨車護理師),昱祈救護車事業有限公司
護理師,台中市西區,專科,不拘,0,診所,日班,0,37000,護理師,日健健診_日健診所
護理師,高雄市左營區,專科,不拘,30,診所,日班,0,70000,護理師,雅典娜整形外科診所
護理師,新竹縣竹北市,碩士,不拘,40,診所,日班,0,70000,護士護理師(新竹竹北),尼斯診所
護理師,台北市信義區,專科,不拘,25,其他教育服務業,日班,0,47500,Full-time School Nurse | 全職學校護理師,LIFT臺北市台北法國實驗教育機構
護理師,台北市信義區,高中職,不拘,480,旅館業,夜班,0,38000,勞工健康服務護理人員 Occupational Health Nurse,台北W飯店 - W TAIPEI_時代國際飯店股份有限公司
護理師,台中市東勢區,碩士,不拘,0,其他教育服務業,日班,0,50000,護理師,台中市私立玉山高級中學
護理師,台北市北投區,碩士,不拘,2500,醫院,日班,0,54500,護理部內、外科（一般）病房、護理師、護士/儲備護理師、護士,振興醫療財團法人振興醫院
護理師,台北市中山區,專科,不拘,0,診所,日班,0,250,醫美諮詢護理師/護士/護理師/醫美護士,芙美醫學診所
護理師,台北市信義區,碩士,不拘,6,診所,日班,0,43500,診所護理師,澄安耳鼻喉科(籌備處)
護理師,台北市中正區,專科,不拘,0,診所,日班,0,43500,護理師(純日班),立達診所
護理師,台南市南區,專科,不拘,0,其他電子零組件相關業,日班,0,29500,【生產單位】(日班)產線作業員,捷拓科技股份有限公司
護理師,新北市新店區,碩士,不拘,10,診所,日班,0,49500,護理師/護士（月領 48K-51K＋ 職級加給制度 ＋ 入職簽約獎金）,張振榕診所
護理師,高雄市左營區,碩士,不拘,40,診所,日班,3,48000,護理師及護士(高雄初日）,初日診所
護理師,台北市大安區,碩士,不拘,6,診所,日班,0,72500,醫美診所（睦沐河診所）「護理師/護理人員」,睦沐河診所
護理師,台北市中山區,碩士,不拘,0,診所,日班,0,300,門診平日/晚班 護理師/護士,杰膚美診所
護理師,南投縣草屯鎮,專科,不拘,0,診所,日班,0,40000,護理師,現代眼科診所
護理師,嘉義市,專科,不拘,0,其他醫療保健服務業,日班,0,35000,護理師,祐健醫事檢驗所
護理師,金門縣金湖鎮,碩士,不拘,70,普通航空業,日班,4,64000,航空護理師,飛特立航空股份有限公司
護理師,台南市永康區,碩士,不拘,400,塑膠製品製造業,日班,0,35000,勞工健康服務護理人員(駐廠護理師)，早班，2年以上勞工健康服務護理師經驗,羅一國際股份有限公司
護理師,高雄市鼓山區,專科,不拘,10,診所,日班,0,40000,眼科診所護理師,悦光眼科診所
護理師,新竹縣竹北市,碩士,不拘,15,診所,日班,5,45000,正職護理師,周伯翰身心醫學診所
護理師,高雄市前金區,碩士,不拘,30,診所,日班,0,38000,護理師,吉田耳鼻喉科診所
護理師,台中市北屯區,大學,不拘,30,診所,日班,0,275,"【兼職】門診護理師/護士/護理人員 (早班時薪 $285起,晚班時薪 $266起)",瑞健診所
護理師,台北市大安區,碩士,不拘,15000,金融控股業,夜班,0,35000,元大金控-勞工健康服務護理人員(護理師),元大金融控股股份有限公司
護理師,台北市松山區,碩士,不拘,25,診所,日班,0,250,兼職護理師,沛康診所
護理師,桃園市中壢區,專科,不拘,0,診所,日班,0,43000,護理師,敏昌診所
護理師,彰化縣溪湖鎮,專科,不拘,5,診所,日班,0,40000,護理師 護士（彰化溪湖）,世安診所
護理師,彰化縣彰化市,專科,不拘,3,診所,日班,0,38000,護理師及護士,家佑診所
護理師,台北市內湖區,碩士,不拘,0,其他醫療保健服務業,日班,0,630000,【國泰集團】產後護理師(內湖),國泰健康管理顧問股份有限公司
護理師,高雄市新興區,專科,不拘,10,診所,日班,0,35500,七賢高美 護理師及護士｜護理夥伴招募中,七賢高美泌尿科診所
護理師,台北市文山區,專科,不拘,5,診所,日班,0,57500,護理師,治玉皮膚美學診所
護理師,台北市中山區,碩士,不拘,0,診所,日班,0,300,兼職護理師(台北),好日子診所
護理師,台南市仁德區,專科,不拘,0,診所,日班,0,36000,護理師,澤芯診所
護理師,台北市中山區,碩士,不拘,0,診所,日班,0,300,門診平日/白班 護理師/護士,杰膚美診所
護理師,新北市中和區,碩士,不拘,0,診所,日班,0,52500,護理師及護士,聖心診所
護理師,台南市南區,碩士,不拘,25,其他醫療保健服務業,日班,0,49000,護理師及護士,台南市私立迦南美地護理之家
護理師,台中市西屯區,專科,不拘,0,診所,日班,0,54000,博威診所台中院所_護理師及護士,博威診所
護理師,新北市泰山區,專科,不拘,0,診所,日班,0,49000,護理師護士,康泰診所
護理師,新北市泰山區,碩士,不拘,0,其他醫療保健服務業,日班,2,45000,長照中心 護理師,新北市私立尚樂老人長期照顧中心(養護型)
護理師,高雄市鹽埕區,專科,不拘,8,診所,日班,0,48000,護士護理師,薇歆美學診所
護理師,台中市西屯區,專科,不拘,9,診所,日班,4,250,護理師,家健聯合診所_雋霖診所
護理師,桃園市桃園區,專科,不拘,10,學前教育事業,日班,0,40000,護理師,桃園市私立貝格爾藝文托嬰中心
護理師,新北市板橋區,專科,不拘,0,診所,日班,0,50000,護理師,陳敏玲內科診所
護理師,嘉義縣朴子市,專科,不拘,16,藥品／化妝品及清潔用品零售業,日班,0,40000,護理師及護士,信男藥局
護理師,台北市中山區,大學,不拘,8,診所,日班,0,45000,護理師(民權),民權精睿泌尿科診所
護理師,高雄市仁武區,專科,不拘,500,其他醫療保健服務業,夜班,0,210,七醫醫療體系【高雄仁武區_高仁診所】誠徵護理師/護士(兼職),七醫醫療體系_七醫健康股份有限公司
護理師,新北市蘆洲區,碩士,不拘,10,診所,日班,3,320,護士護理師 （兼職）,天佑復健診所
護理師,台中市南屯區,碩士,不拘,0,其他醫療保健服務業,日班,3,42500,護理師,想享健康事業股份有限公司附設臺中市私立想享社區長照機構
護理師,台北市中山區,大學,不拘,8,診所,日班,0,72500,醫美護理師,鉑美妍整形醫美診所
護理師,新竹縣竹東鎮,專科,不拘,50,診所,日班,0,37500,新竹縣診所護理師或護士(專兼職均可),蘋果樹醫美診所
護理師,高雄市大寮區,碩士,不拘,30,其他醫療保健服務業,日班,0,41500,護理師,財團法人高雄市私立張簡秋風社會福利慈善事業基金會附設高雄市私立松喬老人養護中心
護理師,台北市內湖區,專科,不拘,0,其他醫療保健服務業,日班,0,47500,護理師,思惟睡眠科技股份有限公司
護理師,新竹縣竹北市,碩士,不拘,50,美容／美體業,日班,0,52500,醫美護理師,純研生技有限公司
護理師,新北市五股區,專科,不拘,12,診所,日班,0,42000,護理師,祐聖小兒科診所
護理師,高雄市新興區,專科,不拘,16,診所,日班,3,46500,跟診護理師,琢妍醫美診所
護理師,雲林縣虎尾鎮,大學,不拘,0,診所,日班,0,37500,護理師/護士,林嘉祈婦產科診所
護理師,台中市北區,專科,不拘,500,其他醫療保健服務業,夜班,0,38500,七醫醫療體系【台中北區_天行健診所】誠徵護理師/護士《月薪36K~41K(獎金無上限)》,七醫醫療體系_七醫健康股份有限公司
護理師,新北市新莊區,碩士,不拘,60,醫院,日班,0,50000,護理師/護士,益民醫院
護理師,台中市太平區,專科,不拘,10,診所,日班,2,204,兼職護理師,家宜診所
護理師,新北市蘆洲區,高中職,不拘,12,其他醫療保健服務業,日班,9,500,兼職護理師 雙北,台灣喜樂事股份有限公司
護理師,嘉義市,專科,不拘,0,診所,日班,0,33000,護理師,嘉冠中醫診所
護理師,桃園市桃園區,高中職,不拘,0,診所,日班,0,53000,醫美護理師、護士(桃園店)~無頭尾班、無輪班,巴黎國際.長春醫療體系_巴黎國際長春診所
護理師,高雄市新興區,高中職,1–3年,0,診所,日班,0,250,兼職護理師,雄大診所
護理師,台南市北區,碩士,不拘,10,診所,日班,0,43500,門診護理師,郭育宏皮膚專科診所
護理師,新北市土城區,碩士,不拘,3,診所,日班,0,44000,護士護理師,成德中醫診所
護理師,高雄市鼓山區,專科,不拘,0,診所,日班,0,40000,護理師,微風診所(籌備處)
護理師,台北市中山區,專科,不拘,10,診所,日班,0,1350000,護理師,詩宓診所
護理師,台中市南屯區,碩士,不拘,0,診所,日班,0,300,兼職護理師(台中),好日子診所
護理師,高雄市左營區,專科,不拘,7,診所,日班,1,50000,護理師及護士 (具2年經驗),睛華眼科診所
護理師,新北市泰山區,專科,不拘,15,診所,日班,0,265,兼職護理師,頂好骨科診所
護理師,台中市西區,碩士,不拘,40,診所,日班,0,60000,台中護理師,尼斯診所
護理師,台中市豐原區,大學,不拘,900,醫院,夜班,0,45850,豐中分院 護理師/護士,亞洲大學附屬醫院
護理師,新北市板橋區,碩士,不拘,50,其他醫療保健服務業,日班,0,2500,護士護理師,百禾長照社團法人附設新北市私立百禾住宿長照機構
護理師,台南市安南區,專科,不拘,0,診所,日班,0,44000,護理師,本淵骨科診所
護理師,台北市大安區,專科,不拘,0,診所,日班,0,55000,醫美護士、護理師(大安店)+可培訓(無頭尾班),巴黎國際.長春醫療體系_巴黎國際長春診所
護理師,新北市板橋區,碩士,不拘,5,診所,日班,0,300,PT護理師,茱莉亞預防醫學健康診所
護理師,台中市南屯區,碩士,不拘,0,診所,日班,0,46500,護士/護理師,敬康耳鼻喉科診所
護理師,桃園市桃園區,大學,不拘,0,診所,日班,0,35000,護理師,馨田中醫診所
護理師,台中市西屯區,專科,不拘,10,診所,日班,0,43000,診所護士護理師,吉安診所
護理師,台中市西區,碩士,不拘,40,診所,日班,3,50000,護理師及護士(台中初日）,初日診所
護理師,台北市北投區,碩士,不拘,300,醫院,日班,0,620000,精神科護理師/護理人員,三軍總醫院北投分院附設民眾診療服務處
護理師,桃園市龜山區,專科,不拘,10,其他醫療保健服務業,日班,0,1125,長照護理師,百樂居家呼吸照護所
護理師,台南市新市區,專科,不拘,0,診所,日班,0,44000,護理師（正職／兼職）,賦立復健科診所
護理師,台北市中正區,專科,不拘,0,醫院,日班,0,36300,研究護理師,國立台灣大學醫學院附設醫院_內科部胸腔科
護理師,桃園市中壢區,專科,不拘,12,診所,日班,0,46000,護理師及護士,進華小兒科診所
護理師,宜蘭縣礁溪鄉,大學,不拘,17,社會福利服務業,日班,0,43500,護理師/護士(安養中心),財團法人宜蘭縣私立蘭陽仁愛之家
護理師,台中市北屯區,大學,不拘,0,醫院,夜班,0,35000,社區護理組 護理師(市立醫院),臺中市立老人復健綜合醫院(委託財團法人中國醫藥大學興建經營)
護理師,台中市西屯區,專科,不拘,0,其他醫療保健服務業,日班,0,33500,護理師及護士,久倫健康管理顧問股份有限公司
護理師,新北市板橋區,碩士,不拘,5,診所,日班,0,44000,正職 護理師,茱莉亞預防醫學健康診所
護理師,新竹縣竹北市,碩士,不拘,15,診所,日班,0,64000,護理師,上杉診所
護理師,台中市西屯區,專科,不拘,2300,百貨相關業,夜班,0,38200,護理師(台中中港店),新光三越百貨股份有限公司
護理師,台南市新營區,專科,不拘,200,中學教育事業,日班,0,32500,護理師,中信金國際學校財團法人臺南市私立中信國際高級中等學校
護理師,宜蘭縣宜蘭市,專科,不拘,4,診所,日班,3,40000,護理師,蔡俊逸診所
護理師,台中市西區,大學,不拘,200,診所,日班,0,75000,【台中】跟診護理師  (周日固定休診),晶鑽診所
護理師,台北市文山區,碩士,不拘,6,診所,日班,0,43000,護理師及護士,健鑫診所
護理師,台北市大安區,專科,不拘,0,診所,日班,0,45000,護理師,日安健康診所
護理師,台中市西區,碩士,1–3年,0,醫院,日班,0,1930,功能性部份工時護理師,衛生福利部臺中醫院
護理師,台中市西屯區,碩士,不拘,10,診所,日班,0,70000,台中預防醫學護理師,正欣診所
護理師,台中市南屯區,大學,不拘,10,診所,日班,0,46000,診所護理師,邢志宇耳鼻喉科診所
護理師,新竹縣竹北市,專科,不拘,0,診所,日班,0,46000,護理師,怡康診所
護理師,新竹市,碩士,不拘,580,社會福利服務業,日班,0,58500,護理師／護士（全職／兼職）｜創世新竹分院,財團法人創世社會福利基金會
護理師,台中市南區,專科,不拘,500,其他醫療保健服務業,夜班,0,48000,七醫醫療體系【台中南區_仁傑診所】誠徵護理師/護士《月薪36k~60K以上(獎金無上限)》,七醫醫療體系_七醫健康股份有限公司
護理師,新北市永和區,碩士,不拘,0,診所,日班,0,43000,中永和護理師/護士,楊孟達身心精神科診所
護理師,新北市泰山區,專科,不拘,0,診所,日班,0,325,長期兼職護士護理師,康泰診所
護理師,桃園市平鎮區,專科,不拘,0,診所,日班,0,43000,護理師,維賢診所
護理師,基隆市仁愛區,碩士,不拘,0,診所,日班,0,43000,基隆護理師/護士,楊孟達身心精神科診所
護理師,台北市中山區,碩士,不拘,6,診所,日班,0,55000,諮詢護理師,白研滴方診所
護理師,屏東縣竹田鄉,大學,不拘,30,醫院,日班,0,46500,護理師  護士,屏東縣私立無量壽老人養護中心
護理師,台中市南屯區,大學,不拘,6,診所,日班,0,40000,醫美護理師,曜元氣診所
護理師,高雄市鳳山區,專科,不拘,3,診所,日班,0,38000,正職護理師,黃柏仁診所
護理師,新北市樹林區,專科,不拘,18,診所,日班,7,45500,【樹林】護理師 Nurse/護士/護理人員(樹林中山路院所),蘆洲現代內科診所
護理師,桃園市龍潭區,碩士,不拘,0,其他醫療保健服務業,日班,1,55000,護理師【龍潭】,太陽照服股份有限公司
護理師,新竹市,碩士,不拘,40,診所,日班,3,50000,護理師及護士(新竹初日）,初日診所
護理師,台北市大安區,碩士,不拘,5,診所,日班,0,46000,護理師,鳴一診所
護理師,新北市板橋區,碩士,不拘,0,診所,日班,0,43000,幸福護理師/護士,楊孟達身心精神科診所
護理師,新北市蘆洲區,專科,不拘,18,診所,日班,7,48500,【蘆洲】護理師 Nurse/護士/護理人員(集賢路院所),蘆洲現代內科診所
護理師,高雄市三民區,大學,不拘,40,其他醫療保健服務業,夜班,0,45000,造口護理師(高雄),新加坡商康威特股份有限公司台灣分公司
護理師,高雄市左營區,碩士,不拘,8,診所,日班,0,37500,護士護理師,易康左營診所
護理師,台南市中西區,碩士,不拘,10,診所,日班,0,34000,護理師(績效獎金另計),昕霈中醫診所
護理師,新北市鶯歌區,碩士,不拘,0,診所,日班,0,45000,鶯歌【達特楊】護理師,建國達特楊診所
護理師,台北市大安區,大學,不拘,380,醫院,日班,0,45000,醫學影像中心 護理師/護士,中心診所醫療財團法人中心綜合醫院(健檢中心)
護理師,新竹市,專科,不拘,320,醫院,日班,0,1200,健檢中心-兼職護理師/護士(白班),南門綜合醫院
藥師,桃園市桃園區,專科,不拘,0,醫院,日班,3,34500,行政人員(桃園院區),秉坤婦幼醫院
藥師,台北市大安區,碩士,不拘,0,診所,日班,0,75000,中醫診所藥劑師,翰醫堂復興中醫診所
藥師,台中市北區,碩士,不拘,0,診所,日班,0,60000,藥劑師,陳正豊內科診所
藥師,高雄市楠梓區,專科,不拘,0,診所,日班,0,69000,藥劑師(生),康東原診所
藥師,高雄市三民區,專科,不拘,0,診所,日班,0,55000,藥師,翰穎皮膚科診所
藥師,新北市三重區,碩士,不拘,10,診所,日班,0,77500,全職藥師,柯瑞宏皮膚專科診所
藥師,台北市中山區,碩士,不拘,50,診所,日班,0,86000,早班藥師,高固亷診所
藥師,台中市北屯區,碩士,不拘,0,診所,日班,0,70000,藥師,幼恩小兒科診所
藥師,台北市松山區,專科,不拘,0,診所,日班,0,70000,藥師,江崇萍小兒科診所
藥師,台北市內湖區,專科,不拘,0,診所,日班,0,42000,晚班藥劑師(生)(兼職),吳振光眼科診所
藥師,台北市信義區,碩士,不拘,0,診所,日班,0,85000,負責藥師,晶愛眼科診所
藥師,高雄市大寮區,專科,不拘,0,醫院,日班,0,67500,藥師,親親家庭診所
藥師,台北市內湖區,專科,不拘,0,診所,日班,0,40000,晚班藥劑師(生),吳振光眼科診所
藥師,台北市大安區,專科,不拘,15,診所,日班,2,63499,藥師,林青穀家庭醫學科診所
藥師,台中市北區,專科,不拘,7,診所,日班,0,550,兼職藥師,維新診所
藥師,新北市新店區,碩士,不拘,20,診所,日班,0,70000,藥師,維霖內科診所
藥師,台中市沙鹿區,碩士,不拘,0,診所,日班,0,70000,藥師,朝安診所
藥師,台南市新市區,專科,不拘,0,診所,日班,0,725,藥師,大心診所
藥師,台北市北投區,碩士,不拘,16,診所,日班,0,57500,診所護理師｜5–6.5 萬起｜固定週連休二日｜輪三天連假｜無業績壓力,鄭淳予神經科_鄭紹沂神經科診所
藥師,桃園市中壢區,碩士,不拘,300,診所,日班,0,60000,【桃園旗艦店】個案管理/醫檢師（新竹受訓）｜無經驗可！享職務獎金,送子鳥診所
藥師,新北市林口區,專科,不拘,10,藥品／化妝品及清潔用品零售業,日班,0,1225000,藥師（負責藥師）,家欣藥師藥局
藥師,桃園市中壢區,碩士,不拘,5,其他醫療保健服務業,夜班,0,45000,藥師助理,永崴大藥局
藥師,南投縣草屯鎮,專科,不拘,0,診所,日班,0,62000,藥師,現代眼科診所
藥師,嘉義市,碩士,不拘,99,藥品製造業,日班,0,140000,藥師,壽元化學工業股份有限公司
藥師,台南市仁德區,碩士,不拘,0,診所,日班,0,65000,診所調劑藥師,澤芯診所
藥師,高雄市左營區,大學,不拘,190,醫院,夜班,0,51000,藥師,柏仁醫院
藥師,桃園市中壢區,專科,不拘,5,診所,日班,0,85000,藥師,黃義豪診所
藥師,台南市永康區,碩士,不拘,21,藥品／化妝品及清潔用品零售業,日班,3,36500,藥師助理,愛兒屋藥品有限公司
藥師,新北市板橋區,碩士,不拘,0,診所,日班,0,650,藥師（兼職）,張博揚小兒科診所
藥師,高雄市左營區,碩士,不拘,8,診所,日班,0,63500,藥師,寬福診所
藥師,台北市萬華區,大學,不拘,450,醫院,日班,0,1200000,藥師,教學醫院_西園醫療社團法人西園醫院
藥師,彰化縣北斗鎮,碩士,不拘,0,診所,日班,0,550,藥師,幼恩小兒科診所
藥師,彰化縣員林市,大學,不拘,20,藥品製造業,日班,0,110000,藥師,寶島製藥股份有限公司
藥師,台北市大安區,碩士,不拘,15,其他醫療保健服務業,日班,0,80000,藥師,永誠藥局
藥師,苗栗縣竹南鎮,碩士,不拘,0,其他醫療保健服務業,日班,0,92500,瑞士藥師藥局門市藥師 年薪百萬,瑞士藥師藥局
藥師,台北市北投區,碩士,不拘,0,診所,日班,0,575,兼職藥師,祐民聯合診所
藥師,高雄市鼓山區,專科,不拘,10,診所,日班,2,62000,午晚班藥師(鼓山),七賢高美泌尿科診所
藥師,台北市北投區,大學,不拘,0,診所,日班,0,90000,藥師,台北欣安耳鼻喉科診所
藥師,新竹縣湖口鄉,碩士,不拘,45,藥品製造業,日班,0,71000,藥師,佐藤製藥股份有限公司
藥師,新北市蘆洲區,碩士,不拘,10,診所,日班,0,550,藥師,蔡嘉哲骨科診所
藥師,台中市北屯區,碩士,不拘,30,診所,日班,0,575,兼職藥師 (時薪600元),瑞健診所
藥師,彰化縣溪湖鎮,高中職,不拘,5,診所,日班,0,70000,藥師（彰化縣溪湖鎮）,世安診所
藥師,台北市信義區,大學,不拘,10,診所,日班,0,650,內兒科診所藥師,明輝診所
藥師,高雄市三民區,碩士,不拘,0,診所,日班,0,70000,負責藥師,生生不息婦產暨生殖中心_生生不息婦產科診所
藥師,台北市北投區,碩士,不拘,3,其他醫療保健服務業,日班,0,600,藥師,秝安藥局
藥師,高雄市三民區,專科,不拘,0,其他投資理財相關業,日班,0,62500,全職藥師,曜星事業股份有限公司
藥師,高雄市左營區,大學,不拘,200,醫院,日班,0,810000,調劑藥師,馨蕙馨醫院
藥師,高雄市前鎮區,專科,不拘,0,診所,日班,0,62500,藥師,聖青診所
藥師,高雄市鼓山區,專科,不拘,10,診所,日班,2,43000,早班藥師(鼓山),七賢高美泌尿科診所
藥師,台北市內湖區,碩士,不拘,10,診所,日班,0,700,藥師,禾安耳鼻喉科診所
藥師,台北市大安區,大學,不拘,15,診所,日班,0,650,報備支援藥師或可長期配合兼職藥師,林青穀家庭醫學科診所
藥師,高雄市三民區,碩士,不拘,30,藥品／化妝品及清潔用品零售業,日班,0,42500,【東京藥局】藥師助理(薪資:35k~50K)__門市銷售菁英-高雄地區,東京生技有限公司
藥師,桃園市龜山區,大學,不拘,1800,其他醫療保健服務業,日班,0,45500,【上櫃公司★月薪41K-50K】經營管理人員/儲備幹部（AT總公司）,杏一醫療用品股份有限公司
藥師,台北市內湖區,專科,不拘,10,診所,日班,0,80000,藥師,禾安耳鼻喉科診所
藥師,基隆市中山區,碩士,不拘,0,診所,日班,0,115000,負責藥師,宏海藥局
藥師,高雄市梓官區,碩士,不拘,0,診所,日班,0,625,藥師,嘉田診所
藥師,台北市中山區,碩士,不拘,10,其他醫療保健服務業,日班,4,82000,藥師,OK藥師藥局
藥師,新北市三重區,碩士,不拘,10,診所,日班,0,575,報備支援藥師,柯瑞宏皮膚專科診所
藥師,新竹縣湖口鄉,專科,不拘,20,其他醫療保健服務業,日班,4,500,兼職藥師(光復店),如家藥師藥局
藥師,新北市板橋區,專科,不拘,100,診所,日班,0,500,藥師,豐禾醫療_豐禾婦產科診所
藥師,台中市大里區,碩士,不拘,0,診所,日班,0,70000,藥師,親諭耳鼻喉科診所
藥師,新竹縣湖口鄉,大學,不拘,20,其他醫療保健服務業,日班,3,41500,藥師助理(湖口仁和店),如家藥師藥局
藥師,新北市板橋區,大學,不拘,150,醫院,日班,3,77500,藥師及管理職藥師,板橋國泰醫院
藥師,桃園市中壢區,專科,不拘,0,其他醫療保健服務業,日班,0,37500,藥師助理,懷仁藥師健保藥局
藥師,彰化縣社頭鄉,碩士,不拘,5,診所,日班,0,61500,藥師或藥劑生,張榮俊小兒科診所
藥師,台北市松山區,大學,不拘,10,診所,日班,6,525,PT兼職藥師,奧斯卡眼科診所
藥師,彰化縣北斗鎮,高中職,不拘,0,診所,日班,0,75000,藥師,幼恩小兒科診所
藥師,嘉義市,專科,不拘,10,診所,日班,0,70000,藥師,安家診所
藥師,桃園市龜山區,專科,不拘,330,其他醫療保健服務業,日班,0,1075000,約用藥師,衛生福利部樂生醫院
藥師,台北市內湖區,大學,不拘,300,醫院,日班,0,1000000,藥師,康寧醫療財團法人康寧醫院
藥師,台中市北屯區,碩士,不拘,3,藥品／化妝品及清潔用品零售業,日班,0,35500,藥師助理,中央藥局
藥師,高雄市苓雅區,碩士,不拘,0,診所,日班,0,33500,藥師 (早班4H),林文樹小兒科內科診所
藥師,桃園市中壢區,碩士,不拘,300,綜合商品批發代理業,夜班,0,71500,日商松本清藥師(桃園)月薪7萬起,台灣松本清股份有限公司
藥師,彰化縣彰化市,碩士,不拘,9,診所,日班,0,62500,藥師,曉陽眼科診所
藥師,台中市西屯區,大學,不拘,0,診所,日班,0,73000,藥師,福雅骨科家庭醫學科診所
藥師,台北市中山區,專科,不拘,50,診所,日班,0,88500,正職藥師,高固亷診所
藥師,苗栗縣竹南鎮,碩士,不拘,0,其他醫療保健服務業,日班,4,46500,藥師助理-無經驗可(竹南頭份),永沛藥局
藥師,台中市西屯區,碩士,不拘,0,藥品／化妝品及清潔用品零售業,日班,0,70000,第二藥師,新元藥局
藥師,台北市內湖區,碩士,不拘,1000,藥品製造業,夜班,0,75000,SY11503_藥師人才儲備幹部,健喬信元醫藥生技股份有限公司
藥師,高雄市橋頭區,專科,不拘,0,其他醫療保健服務業,日班,0,198,藥師助理,昱佳藥局
藥師,桃園市桃園區,專科,不拘,0,藥品／化妝品及清潔用品零售業,日班,0,41800,藥師助理,欣立藥局
藥師,台中市南屯區,專科,不拘,10,診所,日班,4,600,診所支援藥師 ｜ 台中上春自然診所,中華神農再生醫學生技產業股份有限公司
藥師,新北市土城區,碩士,不拘,5,藥品／化妝品及清潔用品零售業,日班,0,600,半天藥師,楷心藥局
藥師,新北市中和區,專科,不拘,7,藥品／化妝品及清潔用品零售業,日班,0,500,晚班/假日班兼職藥師,四維藥局
藥師,新竹縣新埔鎮,專科,不拘,4,其他商品批發業,日班,0,80000,藥局藥師,新埔藥局
藥師,新北市新莊區,專科,不拘,0,藥品／化妝品及清潔用品零售業,日班,0,575,晚班兼職藥師,福原藥局
藥師,新北市中和區,專科,不拘,3,其他醫療保健服務業,日班,0,80500,第二藥師,佳禾藥局
藥師,台中市潭子區,碩士,不拘,0,診所,日班,0,40000,藥師助理,家興診所
藥師,台北市士林區,專科,不拘,1,藥品／化妝品及清潔用品零售業,日班,3,35000,藥師助理,躍獅福港藥局
藥師,台北市松山區,專科,不拘,5,醫院,日班,4,225,藥師助理(兼職),益華藥局
藥師,台北市北投區,專科,不拘,3,其他醫療保健服務業,日班,0,600,藥師,秝安藥局
藥師,新北市三峽區,碩士,不拘,10,診所,日班,2,75000,藥師,晴美眼科診所
藥師,台中市南屯區,專科,不拘,0,其他醫療保健服務業,日班,0,33500,藥師助理,仁人藥局
藥師,高雄市三民區,專科,不拘,150,醫院,日班,0,500,兼職藥師,文雄醫院
藥師,台北市北投區,碩士,不拘,0,診所,日班,0,700,兼職藥師,台北欣安耳鼻喉科診所
藥師,桃園市桃園區,專科,不拘,15,診所,日班,0,700,藥師,弘育耳鼻喉科診所
藥師,新北市新莊區,專科,不拘,0,藥品／化妝品及清潔用品零售業,日班,0,87500,藥師,福原藥局
藥師,台北市中山區,碩士,不拘,15,診所,日班,0,600,藥師(兼職),竹安骨科診所
藥師,高雄市鼓山區,碩士,不拘,0,診所,日班,0,500,藥師,祐琳小兒科診所
藥師,台中市南屯區,專科,不拘,10,診所,日班,0,82500,診所全職藥師,邢志宇耳鼻喉科診所
藥師,台北市中山區,碩士,不拘,22,綜合商品批發代理業,日班,0,65000,查驗登記藥師,富富企業股份有限公司
藥師,台中市烏日區,碩士,不拘,0,藥品／化妝品及清潔用品零售業,日班,0,70000,藥師,大樹藥局烏日中山店_九德藥局
藥師,新竹縣竹北市,專科,不拘,20,其他醫療保健服務業,日班,4,550,兼職藥師(竹北一店),如家藥師藥局
藥師,台中市南屯區,大學,不拘,0,診所,日班,0,60000,藥師,蘇德慶診所
藥師,台北市中山區,大學,不拘,80,診所,日班,0,560,藥師(PT可談),木生婦幼診所
藥師,高雄市鼓山區,專科,不拘,6,診所,日班,0,84000,藥師,恆芯診所
藥師,桃園市桃園區,專科,不拘,15,診所,日班,0,200,藥師助理(兼職),聖昌診所
藥師,新北市中和區,大學,不拘,100,診所,日班,0,137500,《中和區》包班藥師，月薪13萬-14.5萬,立順診所
藥師,桃園市桃園區,專科,不拘,15,診所,日班,0,90000,藥師,弘育耳鼻喉科診所
藥師,新竹市,碩士,不拘,40,診所,日班,1,800,【兼職】藥師(新竹初日）(假日班),初日診所
藥師,桃園市桃園區,專科,不拘,130,醫院,日班,0,90000,藥劑科 藥師,聯新國際醫院桃新分院
藥師,高雄市左營區,專科,不拘,10,藥品／化妝品及清潔用品零售業,日班,3,70000,熊大心藥局 早班藥師 白班藥師 健保藥局藥師 ,熊安心藥局
藥師,台北市大安區,碩士,不拘,15,其他醫療保健服務業,日班,0,30000,藥師助理,永誠藥局
藥師,新北市三重區,碩士,不拘,0,藥品／化妝品及清潔用品零售業,日班,2,95000,藥師(專兼均可洽談),宏安藥局
藥師,台南市安南區,碩士,不拘,2,其他醫療保健服務業,日班,0,35000,藥師助理,康悅健藥師藥局
藥師,台北市中正區,大學,不拘,5,其他醫療保健服務業,日班,0,75000,白班第二藥師(台北),佑康大藥局
藥師,新北市林口區,專科,不拘,10,藥品／化妝品及清潔用品零售業,日班,0,75000,第二藥師,家欣藥師藥局
藥師,台中市豐原區,專科,不拘,0,其他醫療保健服務業,日班,2,39750,藥師助理,進安藥局
藥師,桃園市桃園區,碩士,不拘,40,診所,日班,0,550,診所藥師 | 擁抱心身醫學診所(桃園館) | 需支援報備 | 正職亦可討論,抱抱心身醫學診所
藥師,新北市板橋區,碩士,不拘,5,藥品／化妝品及清潔用品零售業,日班,3,37250,廣欣南雅藥師藥局藥師助理(晚班月休8天/無經驗可),廣欣南雅藥師藥局
藥師,桃園市桃園區,碩士,不拘,200,藥品／化妝品及清潔用品批發業,夜班,0,87500,【雙北及桃園地區聯合招募】75K↑全職負責藥師/儲備藥師/應屆藥師,躍獅健康股份有限公司
藥師,南投縣集集鎮,專科,不拘,0,診所,日班,0,500,藥師,陳威申診所
藥師,台中市西屯區,大學,不拘,0,診所,日班,0,67500,藥師,施朝仁皮膚科診所
藥師,高雄市鼓山區,專科,不拘,0,診所,日班,0,80000,藥師,微風診所(籌備處)
藥師,高雄市鼓山區,大學,不拘,0,診所,夜班,0,475,藥師-兼職(高雄籌備處),守葳診所
藥師,新北市三重區,碩士,不拘,10,診所,日班,0,575,兼職藥師（需有藥師執照）,柯瑞宏皮膚專科診所
藥師,台中市西屯區,碩士,不拘,0,診所,日班,0,600,夜診藥師(可掛牌，一週兩夜診，可討論，極少磨粉),弘悅皮膚科診所
藥師,台北市信義區,碩士,不拘,10,診所,日班,0,196,藥師助理,髮拉儷皮膚科診所
藥師,台北市內湖區,大學,不拘,4000,醫院,夜班,0,550,ND10-臺北分院藥劑科 兼職藥師 (定期契約),中國醫藥大學附設醫院
藥師,台北市中山區,專科,不拘,0,診所,日班,0,600,臨時兼職藥師(台北),好日子診所
藥師,台北市文山區,碩士,不拘,0,醫院,日班,0,1000000,藥劑部 藥師,臺北市立萬芳醫院-委託臺北醫學大學辦理
藥師,台北市文山區,碩士,不拘,0,診所,日班,0,57500,藥師,順欣診所
藥師,新北市八里區,大學,不拘,0,其他醫療保健服務業,日班,0,1100000,八里藥局(大樹藥局-八里中山店)-藥局門市藥師※保證年薪110萬起 (月薪85K起)※ 【需具藥師證照.禮遇同行轉職 】,大樹藥局八里中山店_八里藥局
教師,桃園市中壢區,專科,不拘,0,書籍出版業,日班,3,41400,國小教育市場 / 業務專員 - 桃園｜公司配車,翰林出版事業股份有限公司
教師,台北市士林區,專科,不拘,10,學前教育事業,日班,0,36000,國小專任老師,吉的堡百齡分校_臺北市私立思妤文理短期補習班
教師,越南,大學,不拘,60,中學教育事業,日班,0,67500,小學教師,越南越華國際學校_VIET HOA INTERNATIONAL SCHOOL
教師,南投縣埔里鎮,碩士,不拘,0,大專校院教育事業,日班,0,52500,專任教師,南投縣均頭國際實驗教育機構
教師,新北市中和區,大學,不拘,10,其他教育服務業,日班,3,45000,國中小教師,新北市Future實驗教育機構
教師,新北市林口區,大學,不拘,30,中學教育事業,夜班,0,40000,中學儲備教師,新北市翰科實驗教育機構
教師,桃園市平鎮區,碩士,不拘,324,其他教育服務業,日班,0,29500,英文科兼任教師,桃園育達學校財團法人桃園市育達高級中等學校
教師,桃園市平鎮區,碩士,不拘,324,其他教育服務業,日班,0,29500,數學科兼任教師,桃園育達學校財團法人桃園市育達高級中等學校
教師,桃園市平鎮區,碩士,不拘,324,其他教育服務業,日班,0,29500,體育科兼任教師,桃園育達學校財團法人桃園市育達高級中等學校
教師,彰化縣大村鄉,碩士,不拘,10,小學教育事業,日班,0,36000,國中教師兼導師,彰化縣愛因斯坦實驗教育機構
教師,新北市林口區,大學,不拘,30,中學教育事業,夜班,0,38000,小學儲備教師,新北市翰科實驗教育機構
教師,桃園市平鎮區,碩士,不拘,324,其他教育服務業,日班,0,400,全民國防兼任教師,桃園育達學校財團法人桃園市育達高級中等學校
教師,桃園市平鎮區,碩士,不拘,324,其他教育服務業,日班,0,61500,數學科代理教師,桃園育達學校財團法人桃園市育達高級中等學校
教師,桃園市平鎮區,大學,不拘,324,其他教育服務業,日班,0,29500,時尚造型科兼任教師,桃園育達學校財團法人桃園市育達高級中等學校
教師,台北市文山區,大學,不拘,0,其他教育服務業,日班,0,500,國小美學教師,臺北市濯亞國際學院實驗教育機構
教師,新北市林口區,碩士,不拘,30,中學教育事業,夜班,0,40000,國小教師【115學年度新編制】,新北市翰科實驗教育機構
教師,高雄市三民區,碩士,不拘,180,其他教育服務業,日班,0,40000,高職英文科教師,高雄市私立立志高級中學
教師,桃園市平鎮區,大學,不拘,324,其他教育服務業,日班,0,61000,時尚造型科代理教師,桃園育達學校財團法人桃園市育達高級中等學校
教師,台北市中正區,碩士,不拘,50,其他教育服務業,日班,0,42000,全職國小教師,臺北市無界塾實驗教育機構
教師,桃園市中壢區,碩士,不拘,0,量販流通相關業,日班,0,35900,早班正職人員,歡樂購五金食品百貨大賣場_溢得昇有限公司
教師,桃園市桃園區,碩士,不拘,47,其他組織,日班,3,39300,兒少課輔行政人員【歡迎應屆畢業生】,社團法人台灣樂作創益協會
教師,高雄市三民區,碩士,不拘,180,其他教育服務業,日班,0,40000,中等學校輔導教師,高雄市私立立志高級中學
教師,新北市新店區,大學,不拘,800,中學教育事業,夜班,3,61500,【青山校區】小學部教務處 專任教師,康橋國際學校_康橋學校財團法人
教師,新北市林口區,碩士,不拘,30,中學教育事業,夜班,0,40000,國小教師(音樂專業者),新北市翰科實驗教育機構
教師,台中市大甲區,大學,不拘,130,中學教育事業,日班,0,45000,資料處理科教師,臺中市私立致用高級中學
教師,越南,大學,不拘,60,中學教育事業,日班,0,72500,英語教師,越南越華國際學校_VIET HOA INTERNATIONAL SCHOOL
教師,桃園市平鎮區,碩士,不拘,324,其他教育服務業,日班,0,61500,(普通科)數學科代理教師,桃園育達學校財團法人桃園市育達高級中等學校
教師,新竹縣竹北市,碩士,不拘,0,其他教育服務業,日班,6,800,小學中文兼任教師,新竹縣亞太美國學校
教師,高雄市楠梓區,碩士,不拘,0,其他教育服務業,日班,0,32000,英文教師,高雄市野人華德福實驗教育機構
教師,桃園市平鎮區,碩士,不拘,324,其他教育服務業,日班,0,61500,(普通科)地理科代理教師,桃園育達學校財團法人桃園市育達高級中等學校
教師,桃園市平鎮區,碩士,不拘,324,其他教育服務業,日班,0,29500,(進修部)資料處理科兼任教師,桃園育達學校財團法人桃園市育達高級中等學校
教師,台北市中正區,專科,不拘,37,中學教育事業,日班,0,42500,華德福儲備教師_英語,臺北市史代納實驗教育機構
教師,台北市文山區,專科,不拘,18,學前教育事業,日班,0,50000,專任輔導教師/代理教師,臺北市私立滬江高級中學附設幼兒園
教師,新竹市,碩士,不拘,8,運動服務業,日班,0,59000,門店店長,優體運動 Movement+｜新竹器械皮拉提斯_優體運動有限公司
教師,台北市大安區,碩士,不拘,450,食品什貨零售業,日班,0,31000,【建南門市】大安區-有機門市服務人員,棉花田生機園地股份有限公司
教師,新北市中和區,碩士,不拘,0,小學教育事業,日班,0,45000,新北市私立竹林小學中和校區【體育】專任教師,新北市私立竹林國民小學
教師,桃園市平鎮區,大學,不拘,324,其他教育服務業,日班,0,61500,(電機電子群)資訊科代理教師,桃園育達學校財團法人桃園市育達高級中等學校
教師,新北市淡水區,專科,不拘,0,學前教育事業,日班,0,41000,教師,財團法人新北市私立一信幼兒園
教師,桃園市平鎮區,碩士,不拘,324,其他教育服務業,日班,0,61500,(普通科)英文科代理教師,桃園育達學校財團法人桃園市育達高級中等學校
教師,高雄市鼓山區,碩士,不拘,95,大專校院教育事業,日班,0,40000,國小部一般教師,高雄市私立中華高級藝術職業學校
教師,台南市東區,專科,不拘,0,其他教育服務業,夜班,3,35000,英文教師,臺南市學無界實驗教育機構
教師,新北市永和區,大學,不拘,0,其他教育服務業,日班,0,52000,自然科教師 (含代理教師),新北市私立及人國民小學
教師,台中市潭子區,碩士,不拘,0,中學教育事業,日班,0,45000,國際部國文教師,常春藤學校財團法人臺中市常春藤高級中學
教師,桃園市平鎮區,碩士,不拘,324,其他教育服務業,日班,0,48000,專任輔導教師,桃園育達學校財團法人桃園市育達高級中等學校
教師,桃園市中壢區,大學,不拘,0,其他教育服務業,日班,4,44500,國小儲備教師,桃園市趣創者國際實驗教育機構
教師,台北市中正區,碩士,不拘,50,其他教育服務業,日班,0,700,兼職國小數學教師,臺北市無界塾實驗教育機構
教師,台北市中山區,碩士,不拘,3600,其他教育服務業,夜班,0,34500,C004-安親教師(台北市中山區),何嘉仁國際文教團隊_何嘉仁實業股份有限公司
教師,新竹市,碩士,不拘,0,學前教育事業,日班,0,36500,托育人員,新竹市私立育慈托嬰中心育芯分園
教師,新北市板橋區,大學,不拘,50,補習班,日班,0,95000,國中數理導師50K~70K週休二日,學悟處文理語文短期補習班
教師,桃園市平鎮區,大學,不拘,324,其他教育服務業,日班,0,61000,餐旅群科代理教師(餐飲或觀光專長),桃園育達學校財團法人桃園市育達高級中等學校
教師,新北市永和區,碩士,不拘,180,職業學校教育事業,日班,2,40000,【全民國防教育科】代理教師,新北市私立復興高級商工職業學校
教師,南投縣埔里鎮,碩士,不拘,200,其他教育服務業,日班,0,49250,西語專任教師,南投縣普台國民小學_財團法人南投縣私立普台國民小學
教師,桃園市大溪區,大學,不拘,70,廣告行銷公關業,日班,4,40000,小草書屋暨青草職能發展學苑-非營利實驗教師,甘樂文創志業股份有限公司
教師,台東縣台東市,碩士,不拘,0,補習班,日班,0,600,美語教師,臺東縣私立高瞻東海教室文理技藝短期補習班
教師,新竹縣新豐鄉,大學,不拘,150,其他教育服務業,日班,0,40000,僑生班華語文教師(班導師),新竹縣仰德高級中學
教師,新北市樹林區,大學,不拘,0,職業學校教育事業,日班,0,32500,烘焙科代理教師,樹人高級家事商業職業學校
教師,新北市樹林區,大學,不拘,3600,補習班,日班,3,34800,安親教師/儲備幹部(樹林）,承學文理短期補習班
教師,新竹市,碩士,不拘,7,補習班,日班,0,55000,國小、國中數學教師,新竹市私立臆數文理短期補習班
教師,台北市中正區,大學,不拘,0,小學教育事業,夜班,0,45000,國小事業/專任輔導教師,臺北市新視野實驗教育機構
教師,台南市北區,碩士,不拘,50,其他教育服務業,日班,0,50000,國小教師(具國小教師證）,威爾森文教事業股份有限公司
教師,新北市板橋區,碩士,不拘,0,其他組織,日班,0,39715,幼兒園教師／教保員 (翠中),財團法人三之三生命教育基金會
教師,新竹市,專科,不拘,50,學前教育事業,日班,3,41500,紐約國際幼兒園 - 教保員/幼兒園老師,新竹市私立紐約國際幼兒園
教師,台中市西屯區,碩士,不拘,17,大專校院教育事業,日班,0,38785,產學推廣經理,東海大學_推廣部
教師,新北市中和區,碩士,不拘,40,學前教育事業,日班,0,41000,蒙特梭利教師,新北市托育與教保服務管理學會
教師,桃園市中壢區,碩士,不拘,0,其他組織,日班,0,37420,幼兒園教師／教保員／助理教保員 (過嶺),財團法人三之三生命教育基金會
教師,彰化縣大村鄉,碩士,不拘,10,小學教育事業,日班,0,36000,國中部教師(國文科/數學科),彰化縣愛因斯坦實驗教育機構
教師,桃園市平鎮區,專科,不拘,324,其他教育服務業,日班,0,72500,中餐主廚專業教師(具大飯店主廚資格者尤佳),桃園育達學校財團法人桃園市育達高級中等學校
教師,台北市松山區,大學,不拘,15,安親／才藝班,日班,11,500,美語教師,台北市私立安徒生文理短期補習班
教師,嘉義縣民雄鄉,碩士,不拘,9,其他教育服務業,日班,0,625,兼職英語教師,佳音英語民雄分校_嘉義縣私立藍園文理短期補習班
教師,高雄市三民區,碩士,不拘,180,其他教育服務業,日班,0,40000,全民國防教育科教師,高雄市私立立志高級中學
教師,台中市西屯區,碩士,不拘,0,其他教育服務業,日班,3,48500,西屯校區-外語部ESL代理教師,葳格學校財團法人
教師,台北市大安區,專科,不拘,120,其他教育服務業,日班,4,40000,開平餐飲學校 誠徵 『進修部專任/代理教師』(上班時間13:30～22:00),財團法人臺北市私立開平餐飲職業學校
教師,台北市大安區,碩士,不拘,120,其他教育服務業,日班,4,40000,開平餐飲學校 誠徵 『日間部專任/代理教師』(餐旅群科系、體育科、英文科),財團法人臺北市私立開平餐飲職業學校
教師,桃園市龍潭區,碩士,不拘,30,學前教育事業,日班,0,36000,幼兒園 美語教師,頂尖教育中心_桃園市私立頂尖幼兒園
教師,台中市太平區,碩士,不拘,0,其他教育服務業,日班,0,35000,115學年度電子、資訊、數學、國文、英文、土木建築科專任、兼任教師,光華學校財團法人臺中市光華高級工業職業學校
教師,新北市板橋區,專科,不拘,0,診所,日班,3,50000,營養衛教師,陳敏玲內科診所
教師,台中市南區,大學,不拘,0,大專校院教育事業,日班,0,505,【職前培訓與認證】高中職_教學支援教師（115年第二梯次）歡迎業界專業人才的你！,國立政治大學_教育學系
教師,新北市新店區,專科,不拘,0,中學教育事業,日班,0,500,115學年度_中學部音樂兼課教師,中信國際學校財團法人新北市私立中信高級中等學校
教師,台南市新營區,碩士,不拘,200,中學教育事業,日班,0,42500,生物科、英文科、專業輔導教師,中信金國際學校財團法人臺南市私立中信國際高級中等學校
教師,新北市新莊區,大學,不拘,10,其他教育服務業,日班,0,650,兒美教師,建智文理語文短期補習班
教師,台中市潭子區,碩士,不拘,0,中學教育事業,日班,0,60000,國際部數學教師,財團法人臺中市私立弘文高級中學
教師,台北市南港區,碩士,不拘,3600,其他教育服務業,夜班,0,33500,C010-安親教師(台北市南港區),何嘉仁國際文教團隊_何嘉仁實業股份有限公司
教師,新北市永和區,碩士,不拘,0,職業學校教育事業,日班,0,40000,代理代課教師(資訊科),智光學校財團法人新北市智光高級商工職業學校
教師,台中市北屯區,碩士,不拘,42,其他教育服務業,日班,0,40000,國中小國文儲備教師(兼職可),臺中市私立磊川華德福實驗教育學校
教師,台中市北屯區,大學,不拘,0,補習班,日班,0,39000,英文教師,佳音英語仁美校_台中市私立莎曼珊文理短期補習班仁美分班
教師,新北市新店區,大學,不拘,30,其他教育服務業,日班,2,37500,幼兒園教保員、教師,李氏姐妹_新北市私立李氏姐妹幼兒園
教師,新北市板橋區,大學,不拘,0,其他組織,日班,0,34000,大同幼兒園-教師/教保員,社團法人新北市中華國際嬰幼兒發展學會
教師,台北市中正區,碩士,不拘,50,其他教育服務業,日班,0,42000,全職國高中英文教師（不限中師、外師）,臺北市無界塾實驗教育機構
教師,新竹縣竹東鎮,專科,不拘,13,學前教育事業,日班,2,41420,教師,新竹縣竹東非營利幼兒園(委託社團法人新竹縣遠見多元教育發展協會辦理)
教師,台北市大安區,碩士,不拘,120,其他教育服務業,日班,0,52500,開平餐飲學校 誠徵 『國際部專任/代理教師』(拓展國際教育擴增教師團隊),財團法人臺北市私立開平餐飲職業學校
教師,台中市太平區,碩士,不拘,300,學前教育事業,日班,0,45000,華盛頓中學部-國高中商業管理類教師,華盛頓美語學校_臺中市私立華盛頓幼兒園
教師,高雄市苓雅區,大學,不拘,0,職業學校教育事業,日班,0,400,三信家商兼課教師,高雄市私立三信家商
教師,台中市北屯區,碩士,不拘,13,學前教育事業,日班,0,196,教師助理員,臺中市文昌非營利幼兒園(委託財團法人星光教育基金會辦理)
教師,台中市西屯區,專科,不拘,0,其他教育服務業,日班,0,500,西屯推廣部-國小 國語科教師,葳格學校財團法人
教師,台南市安平區,專科,不拘,0,學前教育事業,日班,0,196,配置教師助理員,臺南市鴻仁安平非營利幼兒園（委託社團法人台南市淨宗學會辦理）
教師,台北市中山區,碩士,不拘,20,特殊教育事業,日班,4,45000,特殊教育教師,人幼國際有限公司
教師,台北市萬華區,碩士,不拘,30,其他教育服務業,日班,0,55000,路亞教育基金會英語教師培訓計畫,新北市路亞實驗教育機構
教師,新北市林口區,碩士,不拘,0,學前教育事業,日班,0,48000,幼教師,嘉聲文教事業股份有限公司附設新北市私立嘉聲幼兒園
教師,台中市清水區,碩士,不拘,150,學前教育事業,日班,0,38500,美語教師,安心專業幼教機構_臺中市私立安心幼兒園
教師,台南市東區,大學,不拘,15,學前教育事業,日班,3,40500,幼教師,臺南市私立長欣幼兒園
教師,新北市中和區,碩士,不拘,10,其他教育服務業,日班,3,575,國中小科任教師,新北市Future實驗教育機構
教師,新北市林口區,碩士,不拘,30,學前教育事業,日班,3,41500,實驗教育機構數學教師,財團法人華山愛德教育基金會附設新北市私立林口愛德幼兒園
教師,台中市龍井區,專科,不拘,36,補習班,日班,0,30000,國小課後輔導教師（龍井分校）,空中美語大中分校_台中市私立大中文理短期補習班
教師,新北市永和區,碩士,不拘,0,其他教育服務業,日班,0,44000,代理教師 (副導師),新北市私立及人國民小學
教師,新竹市,大學,不拘,0,中學教育事業,日班,0,40787,幼兒園 教師,新竹市私立光復高級中學
教師,台中市大雅區,碩士,不拘,50,學前教育事業,日班,0,46490,教師,臺中市私立怡安幼兒園
教師,南投縣南投市,大學,不拘,21,學前教育事業,日班,3,30000,安親班教師,南投縣私立格林幼兒園
教師,新竹縣竹北市,碩士,不拘,40,學前教育事業,日班,0,48000,幼教師,新竹縣私立康乃薾幼兒園
教師,台北市中正區,碩士,不拘,100,工商顧問服務業,日班,3,405,早間華語教師,台灣天絡股份有限公司
教師,台北市中正區,專科,不拘,37,中學教育事業,日班,0,42500,華德福國高中教師_地球科學、生物,臺北市史代納實驗教育機構
教師,高雄市小港區,碩士,不拘,0,學前教育事業,日班,1,196,教師助理員,高雄市鳳陽非營利幼兒園(委託社團法人高雄市關懷家庭教育發展協會辦理)
教師,台中市大甲區,專科,不拘,0,補習班,日班,0,298,兼職安親教師,台中市私立佳嬅美語心算短期補習班
教師,高雄市鼓山區,碩士,不拘,95,大專校院教育事業,日班,0,40000,國小部舞蹈教師,高雄市私立中華高級藝術職業學校
教師,台南市安南區,碩士,不拘,0,學前教育事業,日班,0,196,教師助理員,臺南市私立愛森國際幼兒園
廚師,高雄市楠梓區,碩士,不拘,0,餐館業,日班,0,40000,【玉豆腐韓式料理】楠梓店-助理廚師 / 月薪40000元,一起共享有限公司
廚師,台中市西屯區,大學,不拘,100,餐館業,日班,6,35000,婚禮企劃業務(底薪+獎金) -【萊特薇庭】,萊特薇庭_新薇股份有限公司
廚師,高雄市鳥松區,碩士,不拘,10,其他餐飲業,日班,0,45000,廚師,無我茶禪_環宇飄香食品有限公司附設無我茶禪
廚師,台北市文山區,碩士,不拘,33,社會福利服務業,日班,0,40000,廚師,財團法人臺北市基督教伯大尼兒少家庭基金會
廚師,台北市信義區,碩士,不拘,20,餐館業,日班,0,55000,廚師,極度餐飲國際股份有限公司
廚師,新北市三重區,高中以下,不拘,0,餐館業,日班,0,49000,廚師,摩羯座股份有限公司
廚師,南投縣仁愛鄉,碩士,不拘,32,旅遊服務業,日班,0,43000,廚師助理,明琴清境山莊
廚師,新竹市,碩士,不拘,8,其他餐飲業,日班,0,48000,廚師,誠食館有限公司
廚師,台南市中西區,碩士,不拘,0,餐館業,日班,0,215,廚師,自然熟_小確幸好熟有限公司
廚師,台北市中正區,碩士,不拘,5,餐館業,日班,0,45000,助理廚師,無目的餐酒館_尋找目的人生有限公司
廚師,新北市蘆洲區,碩士,不拘,5,餐館業,日班,0,48500,廚師炒台切肉,康泰樂活廚房
廚師,桃園市龜山區,碩士,不拘,100,其他餐飲業,日班,0,65000,廚師,御廚房食品有限公司
廚師,新竹縣竹北市,碩士,不拘,4,餐館業,日班,0,51500,廚師,鯤壽司（預約制無菜單料理）_鯤壽司餐飲水產有限公司
廚師,桃園市平鎮區,高中以下,不拘,25,其他餐飲業,日班,0,42000,廚師,廣豐食品有限公司
廚師,桃園市桃園區,碩士,不拘,0,旅館業,日班,0,40000,廚師,桃園智選假日飯店_麥森飯店股份有限公司
廚師,新竹縣竹北市,碩士,不拘,13,餐館業,日班,0,40000,西餐廚師,二十四分之一有限公司
廚師,台北市內湖區,碩士,不拘,0,餐館業,日班,0,40000,西餐廚師,logy_華傑啡股份有限公司
廚師,台中市西屯區,碩士,不拘,88,旅館業,日班,0,39500,廚師,台中商旅_台中商務旅館股份有限公司
廚師,新北市八里區,碩士,不拘,0,餐館業,日班,0,67500,中餐廚師,臺北港生炒鴨肉羹_大炮企業社
廚師,台北市中山區,碩士,不拘,0,餐館業,日班,0,60500,廚師,三餐四季私廚料理館
廚師,新北市五股區,碩士,不拘,2100,餐館業,日班,0,42500,總公司｜餐食處｜切牛肉人員 (週休二日),路易莎職人咖啡股份有限公司
廚師,台北市大安區,碩士,不拘,0,餐館業,日班,0,43000,香草食坊餐廳副店長1名 / 正職人員數名（近國泰醫院，供餐，餐飲不分內場外場）,香草食坊
廚師,台北市大安區,碩士,不拘,0,餐館業,日班,0,40000,廚師,KUR_嘉護股份有限公司
廚師,台中市神岡區,碩士,不拘,0,綜合商品批發代理業,夜班,0,36000,廚師,臺灣凡夫股份有限公司
廚師,台北市中山區,碩士,不拘,0,餐館業,日班,0,45000,內場廚師,肥前屋_肥前餐飲股份有限公司
廚師,新北市板橋區,碩士,不拘,3,餐館業,日班,0,49000,廚師,暖流_暖流有限公司
廚師,桃園市新屋區,碩士,不拘,15,其他餐飲業,日班,0,42500,廚師,萬興達有限公司
廚師,台中市南區,碩士,不拘,270,醫院,日班,0,38000,HE廚師,宏恩醫院
廚師,嘉義縣番路鄉,專科,不拘,65,旅館業,日班,0,40500,早餐廚師,雲登景觀飯店股份有限公司
廚師,台中市南區,碩士,不拘,80,其他醫療保健服務業,夜班,0,45000,廚師,環球台中產後護理之家
廚師,桃園市中壢區,碩士,1–3年,0,其他餐飲業,日班,0,50000,日/夜廚師,嘉苗食品有限公司
廚師,台北市中山區,高中職,不拘,25,餐館業,日班,0,44250,西餐廚師,TUTTO BELLO義大利餐廳_酒庫餐廳有限公司
廚師,嘉義縣太保市,專科,不拘,0,旅館業,日班,0,38000,早餐廚師,嘉義戴斯精選酒店Days lnn-溫德姆酒店集團旗下_佳仕堡商務飯店股份有限公司
廚師,彰化縣彰化市,碩士,不拘,200,餐館業,日班,0,33000,廚師/廚師助手,延杰股份有限公司
廚師,台北市中山區,碩士,不拘,50,旅館業,夜班,0,250,兼職早餐廚師,台北中山雅樂軒_金慶國際股份有限公司民權分公司
廚師,新北市林口區,碩士,不拘,0,餐館業,日班,0,52500,內場廚師,品米食私房小廚
廚師,新北市土城區,碩士,不拘,43,電力機械器材製造修配業,日班,0,35000,員工餐廳廚師,奇陣電機有限公司
廚師,新竹縣竹東鎮,高中職,不拘,20,補習班,日班,0,37000,廚房廚師(新竹縣),私立康寧英語會話補習班
廚師,新北市新店區,碩士,不拘,0,餐館業,日班,0,34000,前台、櫃台人員,麥味登七張店_富田早餐店
廚師,新竹縣竹北市,碩士,不拘,40,餐館業,日班,0,42500,【Anjali】內場正職,未來餐飲股份有限公司
廚師,台北市松山區,碩士,不拘,25,其他餐飲業,日班,0,73500,中餐廚師,梧柞手作廚房
廚師,台北市士林區,碩士,不拘,15,餐館業,日班,0,49999,廚師,高麗味韓國烤肉店_韓之味小吃店
廚師,新竹縣新豐鄉,碩士,不拘,95,旅遊服務業,日班,0,56500,中餐廚師,小叮噹科學股份有限公司
廚師,新北市八里區,碩士,不拘,15,餐館業,日班,0,47500,西餐廚師,TON UP CAFE_騰納普商行
廚師,台北市松山區,碩士,不拘,6,餐館業,日班,0,42000,廚師,大曜居酒屋_騰達餐飲有限公司
廚師,台北市信義區,碩士,不拘,150,餐館業,日班,0,44000,IMAGE 早班廚師,酒樂有限公司
廚師,台中市南屯區,碩士,不拘,0,診所,日班,0,55000,西餐廚師 ,順風生醫集團_順風美學診所
廚師,新竹市,碩士,不拘,0,餐館業,日班,0,55000,烤台廚師,肆食有限公司
廚師,台中市南屯區,高中職,不拘,0,社會福利服務業,日班,0,40000,蔬食廚師,財團法人臺中市誠蓮曲佩仁波切社會福利慈善基金會
廚師,高雄市前鎮區,碩士,不拘,90,儲配／運輸物流業,日班,0,36000,員工餐廳廚師,第一郵聯通運股份有限公司
廚師,新竹市,高中職,不拘,15,社會福利服務業,日班,0,34000,廚師,財團法人新竹市私立新竹仁愛兒童之家
廚師,高雄市苓雅區,碩士,不拘,15,餐館業,日班,3,35000,西餐廚師,Cava Fuoco_宣鳴餐飲有限公司
廚師,台中市西屯區,碩士,不拘,20,不動產經營業,日班,0,30000,私人家庭廚師,英富開發有限公司
廚師,新北市樹林區,碩士,不拘,16,其他食品製造業,日班,0,38500,廚師，二廚,甘美科技實業股份有限公司
廚師,台中市北區,專科,不拘,0,其他醫療保健服務業,日班,0,41500,中式廚師,麥加米健康事業有限公司附設臺中市私立玫瑰園社區長照機構
廚師,新竹市,碩士,不拘,10,餐館業,日班,0,52500,炒菜廚師,Ginzeng_精神快餐店
廚師,台南市關廟區,碩士,不拘,0,其他餐飲業,日班,0,46500,廚師_台南區,晉恩軒企業社
廚師,新竹縣湖口鄉,碩士,不拘,100,其他餐飲業,日班,0,57000,廚師,巨禾食品有限公司
廚師,台北市大同區,碩士,不拘,110,休閒服務業,日班,0,53500,中餐廚師,天龍三溫暖_天龍興業股份有限公司
廚師,高雄市苓雅區,高中以下,不拘,0,餐館業,日班,0,51000,中式廚師 | 炒台 | 爐台師傅 ( 薪資5.1萬起 ),三餐暖食股份有限公司
廚師,高雄市前鎮區,碩士,不拘,0,餐館業,日班,0,40000,"【玉豆腐韓式料理】成功店-助理廚師 / 月薪40,000元",一起共享有限公司
廚師,台中市南屯區,碩士,不拘,8,餐館業,日班,0,36500,西餐廚師,PI RESTAURANT_相信餐飲有限公司
廚師,高雄市鼓山區,碩士,不拘,0,餐館業,日班,0,200,長期兼職廚師-高雄店,迷路小章魚餐酒館
廚師,新北市中和區,碩士,不拘,40,其他教育服務業,日班,0,40000,廚師,新北市私立格林幼兒園
廚師,高雄市鼓山區,碩士,不拘,35,其他醫療保健服務業,日班,0,45000,廚師,肯度健康事業有限公司
廚師,台南市新市區,專科,不拘,272,其他教育服務業,日班,0,33500,廚師,中信金學校財團法人中信科技大學
廚師,新竹縣關西鎮,專科,不拘,100,其他餐飲業,日班,0,62000,駐廠廚師,巨禾食品有限公司
廚師,台南市歸仁區,高中職,不拘,80,旅館業,日班,0,42500,綜合廚師,徠‧歸仁飯店_吉立寶投資股份有限公司
廚師,台中市西區,碩士,不拘,15,餐館業,日班,0,43000,港點廚師,祥戎華·茶餐室_檀庄有限公司
廚師,台北市大同區,碩士,不拘,110,休閒服務業,日班,0,47675,助理廚師,天龍三溫暖_天龍興業股份有限公司
廚師,台北市松山區,碩士,不拘,0,餐館業,日班,0,50000,廚師-松山,鑫光企業社
廚師,台北市松山區,碩士,不拘,0,其他食品製造業,日班,0,51500,團膳廚師,第一餐盒股份有限公司
廚師,台北市文山區,碩士,不拘,0,學前教育事業,日班,0,31000,廚師,臺北市私立梅爾森幼兒園
廚師,台北市中山區,專科,不拘,10,其他投資理財相關業,日班,0,60000,高階主管廚師,加百利資產管理有限公司
廚師,新竹縣竹北市,專科,不拘,50,其他餐飲業,日班,0,40000,蔦屋書店–WIRED CAFE內場廚師/廚師助手,欣榮文創股份有限公司
廚師,新竹市,碩士,不拘,10,旅館業,日班,0,325,早班廚師-兼職,豪美商旅有限公司
廚師,台北市大同區,碩士,不拘,0,餐館業,日班,0,57500,晚班中餐廚師/一頭班/起薪55000,圓環滷肉飯_源環魯肉飯
廚師,新竹市,碩士,不拘,0,其他餐飲業,日班,0,50000,中餐自助餐廚師07:00-14:00,丞浩食品行
廚師,苗栗縣竹南鎮,碩士,不拘,2100,餐館業,日班,0,39000,青焰熟成牛排 早/晚班 西餐廚師-苗栗竹南鬱金香酒店,路易莎職人咖啡股份有限公司
廚師,彰化縣秀水鄉,碩士,不拘,70,其他餐飲業,日班,0,44000,團膳廚師,志宏食品股份有限公司
廚師,台中市太平區,高中職,不拘,200,社會福利服務業,日班,0,40000,廚師,財團法人天主教曉明社會福利基金會
廚師,台北市信義區,碩士,不拘,0,餐館業,日班,0,53000,全職廚師,出外人平價美味便當店_出外人小吃店
廚師,新竹縣新豐鄉,碩士,不拘,0,學前教育事業,夜班,0,36000,幼兒園廚師,新竹縣私立愛丁堡國際蒙特梭利幼兒園
廚師,桃園市桃園區,高中職,不拘,80,餐館業,日班,0,46500,團膳廚師,鮮鼎餐飲股份有限公司
廚師,高雄市鳥松區,碩士,不拘,40,其他餐飲業,日班,2,41500,團膳廚師,佳琪食品股份有限公司
廚師,台中市神岡區,碩士,不拘,0,其他餐飲業,日班,0,45000,廚師 (4萬5起~,如舜養生月子餐 _如舜養生事業有限公司
廚師,高雄市新興區,碩士,不拘,50,旅館業,夜班,0,35500,早餐內場廚師,樂逸旅居_沐森國際股份有限公司
廚師,桃園市大溪區,碩士,不拘,10,餐館業,日班,0,48000,西餐廚師,南法玫瑰花園餐廳
廚師,台北市中山區,碩士,不拘,0,餐館業,日班,0,61000,內場廚師,京丘 燒鳥野菜捲_百合屋餐飲
廚師,台南市中西區,碩士,不拘,0,餐館業,日班,0,37500,正職廚師,自然熟_小確幸好熟有限公司
廚師,新北市板橋區,碩士,不拘,5,餐館業,日班,0,50000,內場廚師,花之偈居酒屋_花之偈餐坊
廚師,台中市西屯區,碩士,不拘,0,餐館業,日班,0,36500,西餐廚師,Jerry'House_吉榮發有限公司
廚師,台中市大雅區,碩士,不拘,0,餐館業,日班,0,215,半日班廚師,逢甲便當社
廚師,台北市大安區,碩士,不拘,11,餐館業,日班,0,37500,komboi空盤法式餐廳 - commis 廚師,komboi_空盤餐飲股份有限公司
廚師,台北市萬華區,碩士,不拘,0,餐館業,日班,0,55000,日式廚師,毓鮨料理店
廚師,新北市三重區,高中職,不拘,0,其他食品製造業,日班,0,48000,廚師(三重區),鮮湧企業股份有限公司
廚師,新竹市,碩士,不拘,0,中學教育事業,日班,0,33492,幼兒園中餐廚師,新竹市私立光復高級中學
廚師,桃園市蘆竹區,碩士,不拘,0,餐館業,日班,0,50000,中餐廚師,上野匠烤肉飯
廚師,屏東縣恆春鎮,高中職,不拘,0,旅館業,日班,0,375,兼職早餐廚師男女不拘,凱映行旅股份有限公司
廚師,彰化縣鹿港鎮,專科,不拘,50,旅館業,日班,0,36000,餐廳早餐廚師,澄悅商旅_澄悅實業有限公司
廚師,台北市大安區,碩士,不拘,0,餐館業,日班,0,39500,[光復店] 內場廚師 /廚助,Campus Cafe_濠饗國際餐飲股份有限公司
廚師,新北市樹林區,碩士,不拘,86,其他食品製造業,日班,0,45000,中央廚房團膳廚師,雙翼食品有限公司
廚師,台中市西區,碩士,不拘,0,餐館業,日班,0,40500,內場廚師,梔子花開田秧私廚有限公司
廚師,台北市大安區,碩士,不拘,20,餐館業,夜班,0,38000,西餐廚師 / C1-C3 / 廚助,緩緩fabula餐酒館_意象餐飲股份有限公司
廚師,台中市西屯區,碩士,不拘,5,餐館業,日班,0,46000,西式廚師,之齊股份有限公司
廚師,新竹市,碩士,不拘,0,其他餐飲業,日班,0,48500,廚師,饕客食堂
廚師,台北市士林區,碩士,不拘,150,餐館業,日班,0,41000,士林國小-營養午餐廚師(需中餐丙級、廚師證),食家安飲食文化股份有限公司
廚師,台北市萬華區,高中職,不拘,800,保全樓管相關業,夜班,0,40000,活動外燴廚師,伯克錸公寓大廈管理維護股份有限公司
廚師,台中市西屯區,碩士,不拘,0,餐館業,日班,0,40000,Piknic Cafe 正職廚師,It’s  co_宥羽國際貿易有限公司
廚師,高雄市左營區,碩士,不拘,70,安親／才藝班,夜班,0,31000,安親班廚師(副廚),A Plus耶加教育機構_高雄市私立耶加兒童課後照顧服務中心
廚師,台北市士林區,碩士,不拘,0,餐館業,日班,0,50500,廚師,Angel Land 天使仙境_嶺頭新象股份有限公司
廚師,台北市中山區,碩士,不拘,10,餐館業,日班,0,40500,內場廚師 一頭班,WOK by O'BOND_杰超漢有限公司
廚師,台北市中山區,碩士,不拘,40,其他餐飲業,日班,0,41500,〔起薪$38000〕 西餐廚師,Sweet & Sour Life_豐豐好股份有限公司
廚師,桃園市中壢區,碩士,不拘,0,餐館業,日班,0,49000,內場廚師,熊禾家居酒食堂_芯恩餐飲
廚師,桃園市蘆竹區,碩士,不拘,1800,餐館業,夜班,0,50000,桃園台茂店｜早班員工餐廚師,海底撈火鍋股份有限公司
廚師,新竹縣竹東鎮,碩士,不拘,50,飲料製造業,日班,0,37500,中餐廚師,松大食品有限公司
廚師,新竹市,碩士,不拘,20,餐館業,日班,0,42500,廚師,中山道日式簡餐
廚師,桃園市桃園區,專科,不拘,15,建材／傢俱零售業,日班,0,55000,餐酒館廚師,舒活綠色材料股份有限公司
廚師,台中市南屯區,碩士,不拘,0,餐館業,日班,0,46000,居酒屋廚師,丼閦居酒屋 _丼閦股份有限公司
廚師,台北市中山區,碩士,不拘,300,旅館業,夜班,0,39000,飯店早餐廚師-台北市,台北旅店管理顧問股份有限公司
廚師,桃園市中壢區,碩士,不拘,12,餐館業,日班,0,36000,內場廚師,拾旅。食 Circle Cafe & Meal_拾得企業社
廚師,高雄市鼓山區,碩士,不拘,30,其他餐飲業,日班,0,40000,東風新意高美店-廚師,東之素餐飲股份有限公司
廚師,新竹縣竹北市,專科,不拘,60,其他醫療保健服務業,日班,0,2750,月子餐兼職廚師,帝寶竹北產後護理之家
廚師,高雄市鼓山區,碩士,不拘,0,餐館業,日班,0,40500,西餐廚師/廚助,波特廚房_打狗波特股份有限公司
廚師,台北市大安區,碩士,不拘,40,餐館業,日班,0,46000,POLUX TAIPEI Pastry Chef De Partie 甜點領班廚師,POLUX TAIPEI_璞樂思餐飲股份有限公司
廚師,台中市太平區,碩士,不拘,0,餐館業,日班,0,72500,廚師,十五魯肉飯
廚師,台北市大安區,碩士,不拘,20,餐館業,日班,0,47500,西餐廚師,TheSocialSips_飲覓有限公司
廚師,新北市新莊區,碩士,不拘,0,餐館業,日班,0,52000,廚師,豪美自助餐_重陽小吃店
廚師,台中市北屯區,碩士,不拘,0,餐館業,日班,0,35000,內場廚師~歡迎新鮮人加入~,揚居_居酒屋_晉順餐飲企業社
廚師,彰化縣彰化市,高中以下,不拘,110,學前教育事業,夜班,0,36950,【專業】幼兒園廚師,育光幼教機構_彰化縣私立育光幼兒園
廚師,台北市內湖區,專科,不拘,30,生化科技研發業,夜班,0,350,【兼職】廚師,英屬開曼群島商全穩生技農業科技股份有限公司臺灣分公司
廚師,桃園市平鎮區,碩士,1–3年,0,醫院,日班,0,50000,廚師(平鎮),秉坤婦幼醫院
廚師,台北市松山區,碩士,不拘,6,餐館業,日班,0,42500,廚師 （米其林一星義式餐廳）,義尼塔股份有限公司
廚師,新北市板橋區,碩士,不拘,0,其他餐飲業,日班,0,39000,助理廚師(板橋區),良品餐飲有限公司
廚師,屏東縣屏東市,碩士,不拘,60,其他餐飲業,日班,0,41500,一點散漫屏東店｜正職廚師 均薪38000起,一酒點意餐坊
廚師,新北市中和區,碩士,不拘,0,餐館業,日班,0,47500,葉春生 麵食館【內場廚師】,葉春生麵食館_沐新麵食館
廚師,新北市三重區,專科,不拘,100,其他食品製造業,日班,0,40000,廚師助手 (三重區 碧華國小),愛欣食品有限公司
廚師,彰化縣彰化市,專科,不拘,0,其他醫療保健服務業,日班,0,36500,廚師,新春生堂護理之家
廚師,台中市南屯區,碩士,1–3年,0,診所,日班,0,39000,輕食早午餐/廚師,順風生醫集團_順風美學診所
廚師,新北市三重區,專科,不拘,100,其他食品製造業,日班,0,42500,廚師 (碧華國小),愛欣食品有限公司
廚師,高雄市新興區,高中以下,不拘,38,餐館業,日班,0,42500,菊日本料理-廚務組-二級廚師-(2)名,高津商社股份有限公司
廚師,台南市新市區,專科,不拘,0,學前教育事業,日班,0,36000,幼兒園廚師,臺南市私立曉信幼兒園
廚師,台北市大安區,碩士,不拘,0,餐館業,日班,0,235, 山男 - 餐廳內場廚師 [兼職 Part-Time 時薪 220-250],山男 YAMASAN_有愉餐飲有限公司
廚師,新北市林口區,高中職,不拘,0,運動服務業,日班,0,47500,中餐廚師(東華球場),東華國際高爾夫育樂股份有限公司東華高爾夫球場
廚師,台北市信義區,專科,不拘,60,餐館業,日班,0,48500,合shabu 內場廚師,食逸股份有限公司
廚師,高雄市仁武區,碩士,不拘,30,休閒服務業,日班,0,51500,廚師,百吉專業娛樂企劃社
廚師,高雄市楠梓區,碩士,不拘,300,其他醫療保健服務業,日班,0,38000,團膳廚師,聖威樂活長照社團法人附設高雄市私立悅順居住宿長照機構
廚師,桃園市中壢區,碩士,不拘,210,餐館業,日班,0,42000,機動廚師(桃園市),萬珍食品工業股份有限公司
記者,台北市大安區,碩士,不拘,50,餐館業,日班,0,42899,"『小倉屋日式鰻魚飯-儲備 外場 正職人員』光復本店(起薪38,800元，月休10日)",小倉屋_勝山物產股份有限公司
記者,台北市松山區,碩士,不拘,300,廣播電視節目供應業,日班,0,40000,文字記者,非凡電視台_飛凡傳播股份有限公司
記者,台中市南區,大學,不拘,0,廣播業,日班,0,33500,播音員兼記者,台灣廣播股份有限公司
記者,台北市內湖區,碩士,不拘,0,新聞出版業,日班,0,40000,財經組記者,鏡報新聞網股份有限公司
記者,台北市中正區,專科,不拘,8,廣告行銷公關業,日班,11,43000,編輯記者,葛萊恩行銷顧問有限公司
記者,台中市西區,碩士,不拘,588,廣播電視節目供應業,夜班,0,37500,新聞部中部新聞中心助理記者/記者,中天電視股份有限公司
記者,台北市萬華區,專科,不拘,0,電視業,夜班,4,37000,旺旺中時媒體集團_(A343)採訪記者,旺旺中時媒體集團_工商財經數位股份有限公司
記者,台北市大安區,大學,不拘,15,新聞出版業,日班,0,40000,新聞編輯／記者,放言科技傳媒股份有限公司
記者,台北市大安區,專科,不拘,700,廣播電視節目供應業,日班,0,39000,採訪中心-文字記者,中華電視股份有限公司
記者,高雄市前鎮區,碩士,不拘,588,廣播電視節目供應業,夜班,0,35000,新聞部南部新聞中心助理記者/記者,中天電視股份有限公司
記者,台北市內湖區,專科,不拘,0,多媒體傳播相關業,日班,0,50000,電玩中心-記者,NOWNEWS_今日傳媒股份有限公司
記者,台中市西區,大學,不拘,1500,電視業,夜班,3,41000,新聞部-文字記者(中部中心),三立電視台_三立電視股份有限公司
記者,高雄市前鎮區,碩士,不拘,250,廣播電視節目供應業,日班,3,37654,【廣播部／節目組】記者(南部分台),財團法人原住民族文化事業基金會
記者,南投縣南投市,碩士,不拘,110,廣告行銷公關業,日班,0,35000,新聞採訪記者_南投區,鑫傳國際多媒體科技股份有限公司
記者,台北市內湖區,碩士,不拘,0,多媒體傳播相關業,日班,0,37500,記者,震傳媒股份有限公司
記者,台北市內湖區,專科,不拘,0,多媒體傳播相關業,日班,4,40000,運動中心-特約記者,NOWNEWS_今日傳媒股份有限公司
記者,台北市內湖區,碩士,不拘,850,電視業,日班,0,45000,臺語台新聞部採訪組-【定期】文字記者,財團法人公共電視文化事業基金會
記者,台北市大安區,專科,不拘,0,廣告行銷公關業,日班,3,40000,活動企劃,方格紙創意行銷有限公司
記者,台北市松山區,大學,不拘,10,廣告行銷公關業,日班,0,60000,儲備幹部,海極創意代理股份有限公司
記者,台北市中正區,專科,不拘,1100,電視業,日班,0,42500,記者(新聞台-數媒新聞官網),東森電視事業股份有限公司
記者,台北市內湖區,碩士,不拘,320,電視業,日班,0,38500,娛樂記者(娛樂百分百),八大電視股份有限公司
記者,台北市內湖區,碩士,不拘,320,電視業,日班,0,33500,內勤記者,八大電視股份有限公司
記者,台北市內湖區,碩士,不拘,30,廣告行銷公關業,日班,4,40000,採訪記者 Content Reporter,在想創意有限公司
記者,台北市內湖區,碩士,不拘,850,電視業,日班,0,45000,臺語台新聞部採訪組-文字記者,財團法人公共電視文化事業基金會
記者,台中市西區,碩士,不拘,1400,電視業,夜班,0,37500,中部地方文字記者(新聞部/採訪中心/地方組-中部中心),TVBS_聯利媒體股份有限公司
記者,高雄市苓雅區,專科,不拘,1100,電視業,日班,0,41500,文字記者(新聞台-南部中心),東森電視事業股份有限公司
記者,桃園市桃園區,大學,不拘,1300,網際網路相關業,夜班,0,36000,單機記者(桃園),中嘉數位股份有限公司
記者,台北市中正區,大學,不拘,0,社會福利服務業,日班,0,36500,記者,財團法人幼幼社會福利慈善基金會
記者,台北市內湖區,碩士,不拘,1400,電視業,夜班,0,38500,攝影記者(新聞部/採訪中心),TVBS_聯利媒體股份有限公司
記者,台北市信義區,碩士,不拘,20,廣告行銷公關業,日班,0,55809,【產品編輯部】資深生醫雙語記者 Senior Biomedical Bilingual Journalist（2026擴編）,基因線上股份有限公司
記者,新竹縣竹東鎮,專科,不拘,107,電視業,日班,0,38500,文字記者(月薪+專案獎金),北視有線電視股份有限公司
記者,台北市松山區,大學,不拘,700,電視業,日班,0,49250,ＦＴＶ民視新聞攝影記者,民視_民間全民電視股份有限公司
記者,高雄市左營區,碩士,不拘,1300,網際網路相關業,夜班,0,33000,新聞記者/主持 (高雄),中嘉數位股份有限公司
記者,台中市西區,專科,不拘,588,廣播電視節目供應業,夜班,0,37500,新聞部中部新聞中心攝影記者,中天電視股份有限公司
記者,台北市松山區,碩士,不拘,80,網際網路相關業,日班,0,1800,財經編輯｜記者｜SEO Writer【股感媒體科技】,股感媒體科技股份有限公司
記者,台北市中正區,專科,不拘,1100,電視業,日班,3,44000,攝影記者(新聞台-數媒處),東森電視事業股份有限公司
記者,台北市萬華區,碩士,不拘,18,廣告行銷公關業,日班,0,41000,新聞文字記者、社群文案小編,杰峰數位股份有限公司
記者,桃園市桃園區,專科,不拘,0,電視業,夜班,0,32000,旺旺中時媒體集團_(CT) 駐在助理記者(桃園),旺旺中時媒體集團_工商財經數位股份有限公司
記者,新北市新店區,碩士,不拘,68,其他組織,日班,0,38500,記者（為環境發聲/遠端工作）#NGO/環境保護/獨立媒體,財團法人自然保育與環境資訊基金會
記者,台北市南港區,碩士,不拘,200,廣播業,日班,2,42000,新聞攝影記者,亞洲衛星電視股份有限公司
記者,台北市內湖區,碩士,不拘,1400,電視業,夜班,0,35000,北部地方文字記者(新聞部/網路新聞中心/即時新聞組),TVBS_聯利媒體股份有限公司
記者,台中市南區,專科,不拘,525,電視業,日班,0,40000,文字記者(新聞部採訪中心)(台中),臺灣電視事業股份有限公司
記者,新北市汐止區,碩士,不拘,2295,其他出版業,日班,0,41000,【經濟日報新聞部證券組】記者,聯合報股份有限公司
記者,台北市大安區,碩士,不拘,15,新聞出版業,日班,0,50000,資深新聞編輯／記者,放言科技傳媒股份有限公司
記者,台北市中正區,大學,不拘,1100,電視業,日班,0,40500,專題記者(財經新聞台-美食專題節目),東森電視事業股份有限公司
記者,高雄市苓雅區,專科,不拘,525,電視業,日班,0,40000,文字記者(新聞部採訪中心)(高雄),臺灣電視事業股份有限公司
記者,台北市大安區,專科,不拘,700,廣播電視節目供應業,日班,3,35000,地方中心助理文字記者,中華電視股份有限公司
記者,高雄市大寮區,碩士,不拘,0,電視業,夜班,1,32000,【幸福企業徵才】新聞記者｜採訪編輯 × 影音後製 (高雄),台固媒體股份有限公司
記者,高雄市三民區,大學,不拘,700,電視業,日班,0,40000,文字記者(高雄),民視_民間全民電視股份有限公司
記者,苗栗縣竹南鎮,大學,不拘,54,電視業,日班,0,33000,文字記者(竹南) (月薪+專案獎金),信和有線電視股份有限公司
記者,高雄市苓雅區,高中職,不拘,0,電視業,夜班,4,30000,旺旺中時媒體集團_(CTE) 業務部記者(高雄),旺旺中時媒體集團_工商財經數位股份有限公司
記者,台南市歸仁區,高中職,不拘,0,電視業,夜班,4,30000,旺旺中時媒體集團_(CTE) 業務部記者(台南),旺旺中時媒體集團_工商財經數位股份有限公司
記者,台北市大安區,大學,不拘,15,新聞出版業,日班,0,198,新聞編輯／記者（工讀/實習）,放言科技傳媒股份有限公司
記者,台北市大安區,專科,不拘,700,廣播電視節目供應業,日班,0,35000,文字記者（華視新聞雜誌專題文字記者）,中華電視股份有限公司
記者,台北市南港區,碩士,不拘,250,廣播電視節目供應業,日班,0,37000,【新聞部／採訪組(攝影)】攝影記者  (預計116年遷至桃園新址),財團法人原住民族文化事業基金會
記者,台北市內湖區,專科,不拘,440,電視業,日班,0,41000,新聞部國際中心記者(韓文編譯),中視_中國電視事業股份有限公司
記者,台北市內湖區,專科,不拘,440,電視業,日班,0,41000,新聞部國際中心記者,中視_中國電視事業股份有限公司
記者,台北市內湖區,專科,不拘,1500,電視業,夜班,0,41500,新聞部-攝影記者,三立電視台_三立電視股份有限公司
記者,台北市中正區,專科,不拘,8,廣告行銷公關業,日班,11,42000,醫療記者,葛萊恩行銷顧問有限公司
記者,台北市內湖區,大學,不拘,700,電視業,日班,6,32250,N005 文字記者(北部),年代網際事業股份有限公司
記者,台北市中正區,大學,不拘,0,其他組織,日班,6,33000,新聞記者(台北)【基督教今日報】,財團法人蒲公英希望基金會
記者,台北市內湖區,碩士,不拘,588,廣播電視節目供應業,夜班,0,42500,新聞部採訪中心國際文字記者（英、日文編譯）,中天電視股份有限公司
記者,嘉義市,專科,不拘,0,電視業,夜班,0,36000,旺旺中時媒體集團_(CT) 駐在記者(嘉義),旺旺中時媒體集團_工商財經數位股份有限公司
記者,高雄市苓雅區,專科,不拘,1100,電視業,日班,0,41500,攝影記者(新聞台-南部中心),東森電視事業股份有限公司
記者,台北市內湖區,碩士,不拘,1400,電視業,夜班,0,35000,助理文字記者(新聞部/網路新聞中心/即時新聞組),TVBS_聯利媒體股份有限公司
記者,台中市西區,大學,不拘,450,電視業,日班,0,38500,文字記者 (月薪+專案獎金),群健有線電視股份有限公司
記者,台北市內湖區,碩士,不拘,1400,電視業,夜班,0,38500,文字記者(新聞部/採訪中心/社會組),TVBS_聯利媒體股份有限公司
記者,台北市松山區,碩士,不拘,300,廣播電視節目供應業,日班,0,41000,攝影記者,非凡電視台_飛凡傳播股份有限公司
記者,新北市林口區,大學,不拘,700,電視業,日班,4,196,採訪中心助理記者(可台北上班),民視_民間全民電視股份有限公司
記者,台北市信義區,專科,不拘,0,雜誌／期刊出版業,日班,7,36000,招募生技/醫藥資深記者,環球生技多媒體股份有限公司
記者,台北市大安區,專科,不拘,700,廣播電視節目供應業,日班,0,35000,文字記者（新聞高峰會專題文字記者）,中華電視股份有限公司
記者,台北市內湖區,專科,不拘,0,電視業,夜班,0,41000,旺旺中時媒體集團_(CTV) 新聞部國際中心記者,旺旺中時媒體集團_工商財經數位股份有限公司
記者,台北市萬華區,專科,不拘,0,電視業,夜班,0,40000,旺旺中時媒體集團_(A339)攝影記者,旺旺中時媒體集團_工商財經數位股份有限公司
記者,台北市萬華區,專科,不拘,0,電視業,夜班,0,41000,旺旺中時媒體集團_(CT) 記者(新北市),旺旺中時媒體集團_工商財經數位股份有限公司
記者,台北市內湖區,大學,不拘,700,電視業,日班,6,35000,N103 文字記者(新聞部-政經組),年代網際事業股份有限公司
記者,台北市內湖區,碩士,不拘,588,廣播電視節目供應業,夜班,0,42500,新聞部採訪中心國際新聞記者（英文編譯）,中天電視股份有限公司
記者,台北市中正區,碩士,不拘,35,工商顧問服務業,夜班,0,54000,"台灣新聞翻譯編輯記者／台湾ニュース翻訳・編集記者 Taiwan News Translator, Editor & Journalist",威志企管顧問股份有限公司
記者,台北市內湖區,碩士,不拘,20,多媒體傳播相關業,日班,0,35000,資深文字記者,豐臺新媒體股份有限公司
記者,台北市松山區,專科,不拘,30,其他教育服務業,日班,1,4200,《大家健康雜誌》特約記者,財團法人董氏基金會
記者,新北市永和區,碩士,不拘,1300,網際網路相關業,夜班,0,36000,單機記者(中永和),中嘉數位股份有限公司
記者,台北市內湖區,專科,不拘,25,廣播電視節目供應業,日班,4,41000,TSNA 攝影記者,聚流股份有限公司
記者,嘉義市,專科,不拘,0,電視業,夜班,0,36000,旺旺中時媒體集團_(CT) 駐在記者(雲、嘉、南),旺旺中時媒體集團_工商財經數位股份有限公司
記者,台北市中山區,專科,不拘,13,廣告行銷公關業,日班,6,32000,《動腦》創刊50周年儲備幹部 : 動腦雜誌（Brain Magazine） 採訪編輯｜記者｜內容企劃,動腦傳播股份有限公司
記者,台北市萬華區,大學,不拘,0,電視業,夜班,4,35000,旺旺中時媒體集團_(CTE) 編輯部記者(大陸組),旺旺中時媒體集團_工商財經數位股份有限公司
記者,台北市內湖區,專科,不拘,440,電視業,日班,0,41000,新聞部採訪中心攝影記者,中視_中國電視事業股份有限公司
記者,台北市信義區,碩士,不拘,0,多媒體傳播相關業,日班,0,36500,VOCO NEWS 新聞編輯／記者／編播,美商無限資訊傳媒有限公司
記者,高雄市苓雅區,專科,不拘,525,電視業,日班,0,40000,攝影記者(新聞部採訪中心)(高雄),臺灣電視事業股份有限公司
記者,台北市內湖區,碩士,不拘,500,電視業,日班,0,36000,【新媒體部】影視內容中心-網路節目組-攝影記者,鏡新聞_鏡電視股份有限公司
記者,台北市信義區,碩士,不拘,0,多媒體傳播相關業,日班,0,45000,新聞部攝影記者,鋒燦傳媒股份有限公司
記者,台北市中正區,專科,不拘,1100,電視業,日班,0,43000,生活消費/房產專案記者(新聞台-數媒專案處),東森電視事業股份有限公司
記者,台北市內湖區,專科,不拘,440,電視業,日班,4,35000,新聞部採訪中心民生組記者,中視_中國電視事業股份有限公司
記者,台北市內湖區,碩士,不拘,500,電視業,日班,0,36000,【新聞部-攝影中心】攝影記者,鏡新聞_鏡電視股份有限公司
記者,台北市大安區,專科,不拘,700,廣播電視節目供應業,日班,0,32000,採訪中心-攝影記者,中華電視股份有限公司
記者,嘉義縣朴子市,碩士,不拘,3,工商顧問服務業,日班,0,37500,隨行助理,社團法人嘉義縣共好生活協會
記者,新北市汐止區,碩士,不拘,2295,其他出版業,日班,3,41000,【經濟日報新聞部科技產業組】記者,聯合報股份有限公司
記者,台北市松山區,碩士,不拘,55,網際網路相關業,日班,0,36500,媒體部 _ 主持,電獺股份有限公司
記者,新北市新店區,大學,不拘,90,新聞出版業,日班,1,196,《上報》新聞撰稿工讀生,世代傳媒股份有限公司
記者,台北市文山區,大學,不拘,100,農藝及園藝業,夜班,5,73000,年度品牌大使。,同興大業有限公司
記者,台北市大安區,大學,不拘,65,廣告行銷公關業,日班,4,196,PopDaily 女性網站日本/打卡社群營運外稿編輯,數果網路股份有限公司
記者,台中市北區,碩士,不拘,15,廣告行銷公關業,日班,1,90000,"專業展會現場採訪編輯 (專案期間6個月,展會3/2~3/6/2027)",香港商榮格仕有限公司台灣分公司
記者,台北市松山區,專科,不拘,25,電影片製作業,日班,3,1800,執行企劃(外包接案),錨點影音股份有限公司
記者,高雄市前鎮區,碩士,不拘,588,廣播電視節目供應業,夜班,0,40000,新聞部南部新聞中心攝影記者,中天電視股份有限公司
記者,台北市內湖區,專科,不拘,0,多媒體傳播相關業,日班,0,60000,電玩中心-主任,NOWNEWS_今日傳媒股份有限公司
記者,台北市內湖區,專科,不拘,1500,電視業,夜班,0,40000,新聞部-攝影記者(iNEWS),三立電視台_三立電視股份有限公司
記者,高雄市前鎮區,碩士,不拘,850,電視業,日班,0,41500,臺語台南部中心新聞群-編輯,財團法人公共電視文化事業基金會
記者,台北市內湖區,專科,不拘,500,電視業,日班,0,36500,鏡電視--【新媒體部】影音編輯,鏡新聞_鏡電視股份有限公司
記者,台北市中山區,碩士,不拘,15,雜誌／期刊出版業,日班,4,40000,數位網路編輯,雅逸文化事業股份有限公司
記者,台北市中山區,碩士,不拘,10,工商顧問服務業,日班,0,52500,新聞稿寫手,黑石財經公關顧問有限公司
記者,台北市中正區,碩士,不拘,10,社會／人文科學研發業,日班,4,51500,新聞內容編輯 / 社群企劃.,凱恩解方有限公司
記者,新竹縣竹東鎮,專科,不拘,107,電視業,日班,0,39000,新聞攝影 (月薪+專案獎金),北視有線電視股份有限公司
記者,台北市南港區,大學,不拘,550,網際網路相關業,日班,1,44000,新聞部娛樂中心-娛樂影音企劃,東森新媒體控股股份有限公司
記者,台北市南港區,大學,不拘,1400,雜誌／期刊出版業,夜班,4,35000,數位編輯(Bella儂儂網站／影劇、娛樂、生活),城邦媒體控股集團_城邦文化事業股份有限公司
記者,台北市南港區,大學,不拘,1400,雜誌／期刊出版業,夜班,4,32000,《TRAVELER Luxe旅人誌》數位採訪編輯(PC-墨刻出版 旅人誌 雜誌編輯部),城邦媒體控股集團_城邦文化事業股份有限公司
記者,桃園市中壢區,專科,不拘,105,政府／民意機關,日班,7,34750,文案企劃,財團法人黃烈火社會福利基金會
記者,台北市中山區,碩士,不拘,236,廣播業,日班,0,43000,國際新聞晚班編譯,財團法人中央廣播電臺
記者,彰化縣彰化市,大學,不拘,23,廣播業,日班,7,34000,節目與新聞部-節目製播人員,國聲廣播股份有限公司
記者,台北市大安區,專科,不拘,42,其他出版業,日班,0,47500,資深內容編輯,流線傳媒股份有限公司
記者,台北市中正區,專科,不拘,1100,電視業,日班,0,40000,文字編輯(新聞台-數媒新聞官網),東森電視事業股份有限公司
記者,台北市中山區,專科,不拘,13,廣告行銷公關業,日班,8,32000,《動腦》創刊50周年儲備幹部 : 動腦雜誌  網路編輯｜記者｜內容企劃（數位方向）,動腦傳播股份有限公司
記者,台中市北區,碩士,不拘,15,廣告行銷公關業,日班,1,20000,專業展會現場採訪編輯Freelancer(9/15~9/17/2026),香港商榮格仕有限公司台灣分公司
記者,台北市南港區,專科,不拘,200,廣播業,日班,0,32000,寰宇新聞台灣台-編輯/助理編輯,亞洲衛星電視股份有限公司
記者,台北市大安區,專科,不拘,42,其他出版業,日班,0,37500,內容編輯,流線傳媒股份有限公司
記者,台北市大安區,專科,不拘,10,廣告行銷公關業,日班,7,42499,影音攝影剪輯企編【週休二日，福利佳】,菁華整合行銷股份有限公司
記者,台中市北屯區,大學,不拘,65,書籍出版業,夜班,1,36500,社會科編輯(歡迎地理、中文、教育相關背景),奇鼎事業股份有限公司
記者,台北市信義區,碩士,不拘,4500,電信相關業,夜班,0,223,【Taiwan Mobile 實習計畫】Intern-媒體公關,台灣大哥大股份有限公司
